ΧάΌΫΈρ,µ¥ΌΫ,µΨ¶Ξ,·ΏΞέ»§ΠΝ,ΛωΤΪΒ¥²γ,½¨ΦώΓζ»ύ,»§ΠΝ½αΉΉ,Χ°ΠήΗιΏφ
178,20039,"['»³Θα', '»³Θα']",3Κ1Μό1³ψ1Ξΐ,ΦΠΒ¥²γ ,88.83,Ζ½²γ,Ύ«Χ°
239,26418,"['»³Θα', '»³Θα']",3Κ1Μό1³ψ1Ξΐ,ΦΠΒ¥²γ ,90.47,Ζ½²γ,ΌςΧ°
155,25693,"['»³Θα', '»³Θα']",2Κ1Μό1³ψ1Ξΐ,ΦΠΒ¥²γ ,60.33,Ζ½²γ,ΌςΧ°
410,32223,"['»³Θα', '»³Θα']",3Κ1Μό1³ψ2Ξΐ,µΧ²γ ,127.24,Ζ½²γ,Ύ«Χ°
305,26792,"['»³Θα', '»³Θα']",3Κ2Μό1³ψ2Ξΐ,µΝΒ¥²γ ,113.84,Ζ½²γ,Ύ«Χ°
498,21615,"['»³Θα', '»³Θα']",3Κ2Μό1³ψ2Ξΐ,ΦΠΒ¥²γ ,230.4,Ζ½²γ,Ύ«Χ°
359,26834,"['»³Θα', '»³Θα']",3Κ2Μό1³ψ2Ξΐ,ΦΠΒ¥²γ ,133.79,Ζ½²γ,Ύ«Χ°
430,28008,"['»³Θα', '»³Θα']",4Κ2Μό1³ψ2Ξΐ,ΈίΒ¥²γ ,153.53,Έ΄Κ½,Ύ«Χ°
195,20787,"['»³Θα', '»³Θα']",4Κ2Μό1³ψ2Ξΐ,¶¥²γ ,93.81,Έ΄Κ½,Ύ«Χ°
310,19628,"['»³Θα', '»³Θα']",3Κ3Μό1³ψ2Ξΐ,¶¥²γ ,157.94,Έ΄Κ½,Ύ«Χ°
230,24772,"['»³Θα', '»³Θα']",2Κ1Μό1³ψ1Ξΐ,ΦΠΒ¥²γ ,92.85,Ζ½²γ,ΌςΧ°
159,13649,"['»³Θα', '»³Θα']",2Κ1Μό1³ψ1Ξΐ,ΦΠΒ¥²γ ,116.5,Ζ½²γ,ΌςΧ°
200,25573,"['»³Θα', '»³Θα']",3Κ1Μό1³ψ1Ξΐ,µΧ²γ ,78.21,Ζ½²γ,ΌςΧ°
135,19603,"['»³Θα', '»³Θα']",2Κ1Μό1³ψ1Ξΐ,µΝΒ¥²γ ,68.87,Ζ½²γ,ΌςΧ°
230,26698,"['»³Θα', '»³Θα']",3Κ1Μό1³ψ1Ξΐ,µΧ²γ ,86.15,Ζ½²γ,ΌςΧ°
370,34913,"['»³Θα', '»³Θα']",2Κ1Μό1³ψ1Ξΐ,ΦΠΒ¥²γ ,105.98,Ζ½²γ,Ύ«Χ°
279,30973,"['»³Θα', '»³Θα']",2Κ1Μό1³ψ1Ξΐ,µΧ²γ ,90.08,Ζ½²γ,ΌςΧ°
205,26293,"['»³Θα', '»³Θα']",3Κ1Μό1³ψ1Ξΐ,µΝΒ¥²γ ,77.97,Ζ½²γ,ΌςΧ°
230,25736,"['»³Θα', '»³Θα']",3Κ1Μό1³ψ1Ξΐ,ΈίΒ¥²γ ,89.37,Ζ½²γ,ΖδΛϋ
155,27193,"['»³Θα', '»³Θα']",2Κ1Μό1³ψ1Ξΐ,ΦΠΒ¥²γ ,57.0,Ζ½²γ,ΌςΧ°
150,22793,"['»³Θα', '»³Θα']",2Κ1Μό1³ψ1Ξΐ,ΦΠΒ¥²γ ,65.81,Ζ½²γ,ΌςΧ°
163,22849,"['»³Θα', '»³Θα']",2Κ1Μό1³ψ1Ξΐ,µΝΒ¥²γ ,71.34,Ζ½²γ,ΌςΧ°
314,37786,"['»³Θα', '»³Θα']",2Κ1Μό1³ψ1Ξΐ,µΝΒ¥²γ ,83.1,Ζ½²γ,Ύ«Χ°
145,28719,"['»³Θα', '»³Θα']",2Κ1Μό1³ψ1Ξΐ,ΦΠΒ¥²γ ,50.49,Ζ½²γ,ΌςΧ°
580,23122,"['»³Θα', '»³Θα']",4Κ3Μό1³ψ3Ξΐ,µΧ²γ ,250.85,Έ΄Κ½,ΌςΧ°
175,19853,"['»³Θα', '»³Θα']",3Κ1Μό1³ψ1Ξΐ,ΦΠΒ¥²γ ,88.15,Ζ½²γ,ΌςΧ°
185,20867,"['»³Θα', '»³Θα']",3Κ1Μό1³ψ1Ξΐ,µΧ²γ ,88.66,Ζ½²γ,Ύ«Χ°
144,24862,"['»³Θα', '»³Θα']",2Κ1Μό1³ψ1Ξΐ,µΝΒ¥²γ ,57.92,Ζ½²γ,ΌςΧ°
300,25644,"['»³Θα', '»³Θα']",3Κ1Μό1³ψ1Ξΐ,¶¥²γ ,116.99,Ζ½²γ,Ύ«Χ°
175,28059,"['»³Θα', '»³Θα']",2Κ1Μό1³ψ1Ξΐ,ΦΠΒ¥²γ ,62.37,Ζ½²γ,Ύ«Χ°
225,28858,"['»³Θα', '»³Θα']",3Κ1Μό1³ψ1Ξΐ,ΦΠΒ¥²γ ,77.97,Ζ½²γ,Ύ«Χ°
69,11547,"['»³Θα', '»³ΘαΖδΛό']",2Κ1Μό1³ψ1Ξΐ,µΝΒ¥²γ ,59.76,Ζ½²γ,ΌςΧ°
330,24565,"['»³Θα', '»³Θα']",3Κ1Μό1³ψ2Ξΐ,¶¥²γ ,134.34,Έ΄Κ½,ΖδΛϋ
190,29462,"['»³Θα', '»³Θα']",2Κ1Μό1³ψ1Ξΐ,ΦΠΒ¥²γ ,64.49,Ζ½²γ,Ύ«Χ°
310,22736,"['»³Θα', '»³Θα']",3Κ2Μό1³ψ2Ξΐ,ΦΠΒ¥²γ ,136.35,Ζ½²γ,Ύ«Χ°
220,25227,"['»³Θα', '»³Θα']",2Κ1Μό1³ψ1Ξΐ,ΈίΒ¥²γ ,87.21,Ζ½²γ,Ύ«Χ°
265,36960,"['»³Θα', '»³Θα']",2Κ1Μό1³ψ1Ξΐ,ΦΠΒ¥²γ ,71.7,Ζ½²γ,ΌςΧ°
158,25148,"['»³Θα', '»³Θα']",2Κ1Μό1³ψ1Ξΐ,¶¥²γ ,62.83,Ζ½²γ,ΌςΧ°
142,25182,"['»³Θα', '»³Θα']",2Κ1Μό1³ψ1Ξΐ,ΦΠΒ¥²γ ,56.39,Ζ½²γ,ΌςΧ°
230,29964,"['»³Θα', '»³Θα']",3Κ1Μό1³ψ1Ξΐ,ΦΠΒ¥²γ ,76.76,Ζ½²γ,ΌςΧ°
93,17975,"['»³Θα', '»³Θα']",1Κ1Μό1³ψ1Ξΐ,µΧ²γ ,51.74,Ζ½²γ,ΌςΧ°
88,18254,"['»³Θα', '»³Θα']",1Κ1Μό1³ψ1Ξΐ,µΝΒ¥²γ ,48.21,Ζ½²γ,ΌςΧ°
120,17068,"['»³Θα', '»³Θα']",1Κ1Μό1³ψ1Ξΐ,µΝΒ¥²γ ,70.31,Ζ½²γ,Ύ«Χ°
175,30277,"['»³Θα', '»³Θα']",1Κ1Μό1³ψ1Ξΐ,µΧ²γ ,57.8,Ζ½²γ,ΌςΧ°
179,24955,"['»³Θα', '»³Θα']",3Κ1Μό1³ψ1Ξΐ,ΈίΒ¥²γ ,71.73,Ζ½²γ,ΌςΧ°
253,24403,"['»³Θα', '»³Θα']",3Κ2Μό1³ψ1Ξΐ,ΈίΒ¥²γ ,103.68,Ζ½²γ,ΌςΧ°
185,19466,"['»³Θα', '»³Θα']",3Κ1Μό1³ψ1Ξΐ,ΦΠΒ¥²γ ,95.04,Ζ½²γ,Ύ«Χ°
179,25233,"['»³Θα', '»³Θα']",3Κ1Μό1³ψ1Ξΐ,µΝΒ¥²γ ,70.94,Ζ½²γ,ΌςΧ°
209,32499,"['»³Θα', '»³Θα']",1Κ1Μό1³ψ1Ξΐ,ΦΠΒ¥²γ ,64.31,Ζ½²γ,Ύ«Χ°
170,20145,"['»³Θα', '»³Θα']",2Κ1Μό1³ψ1Ξΐ,ΦΠΒ¥²γ ,84.39,Ζ½²γ,Ύ«Χ°
230,24979,"['»³Θα', '»³Θα']",2Κ1Μό1³ψ1Ξΐ,ΦΠΒ¥²γ ,92.08,Ζ½²γ,Ύ«Χ°
146,24526,"['»³Θα', '»³Θα']",2Κ1Μό1³ψ1Ξΐ,¶¥²γ ,59.53,Ζ½²γ,Ύ«Χ°
138,23000,"['»³Θα', '»³Θα']",2Κ1Μό1³ψ1Ξΐ,ΦΠΒ¥²γ ,60.0,Ζ½²γ,ΌςΧ°
150,26606,"['»³Θα', '»³Θα']",2Κ1Μό1³ψ1Ξΐ,ΦΠΒ¥²γ ,56.38,Ζ½²γ,Ύ«Χ°
160,24432,"['»³Θα', '»³Θα']",2Κ2Μό1³ψ1Ξΐ,ΈίΒ¥²γ ,65.49,Ζ½²γ,ΌςΧ°
140,16465,"['»³Θα', '»³Θα']",2Κ1Μό1³ψ1Ξΐ,ΦΠΒ¥²γ ,85.03,Ζ½²γ,Γ«Εχ
238,25828,"['»³Θα', '»³Θα']",2Κ1Μό1³ψ1Ξΐ,ΦΠΒ¥²γ ,92.15,Ζ½²γ,ΌςΧ°
150,22748,"['»³Θα', '»³Θα']",2Κ1Μό1³ψ1Ξΐ,ΦΠΒ¥²γ ,65.94,Ζ½²γ,ΌςΧ°
153,26190,"['»³Θα', '»³Θα']",2Κ1Μό1³ψ1Ξΐ,ΦΠΒ¥²γ ,58.42,Ζ½²γ,ΖδΛϋ
335,28915,"['»³Θα', '»³Θα']",3Κ2Μό1³ψ2Ξΐ,ΦΠΒ¥²γ ,115.86,Ζ½²γ,Ύ«Χ°
125,18960,"['»³Θα', '»³Θα']",2Κ1Μό1³ψ1Ξΐ,µΝΒ¥²γ ,65.93,Ζ½²γ,ΌςΧ°
98,12688,"['»³Θα', '»³Θα']",3·ΏΌδ1Ξΐ,ΦΠΒ¥²γ ,77.24,Ζ½²γ,Ύ«Χ°
336,26292,"['»³Θα', '»³Θα']",3Κ2Μό1³ψ2Ξΐ,¶¥²γ ,127.8,Έ΄Κ½,Ύ«Χ°
298,20437,"['»³Θα', '»³Θα']",3Κ2Μό2³ψ2Ξΐ,µΝΒ¥²γ ,145.82,Ζ½²γ,ΌςΧ°
185,25455,"['»³Θα', '»³Θα']",3Κ1Μό1³ψ1Ξΐ,µΝΒ¥²γ ,72.68,Ζ½²γ,ΌςΧ°
208,23099,"['»³Θα', '»³Θα']",3Κ1Μό1³ψ1Ξΐ,ΦΠΒ¥²γ ,90.05,Ζ½²γ,Ύ«Χ°
375,32115,"['»³Θα', '»³Θα']",3Κ2Μό1³ψ2Ξΐ,ΦΠΒ¥²γ ,116.77,Ζ½²γ,Ύ«Χ°
330,22589,"['»³Θα', '»³Θα']",3Κ1Μό1³ψ2Ξΐ,µΝΒ¥²γ ,146.09,Ζ½²γ,ΖδΛϋ
830,27301,"['»³Θα', '»³Θα']",4Κ2Μό1³ψ3Ξΐ,µΧ²γ ,304.02,Έ΄Κ½,Ύ«Χ°
219,28013,"['»³Θα', '»³Θα']",3Κ1Μό1³ψ1Ξΐ,ΦΠΒ¥²γ ,78.18,Ζ½²γ,ΌςΧ°
239,25824,"['»³Θα', '»³Θα']",3Κ1Μό1³ψ1Ξΐ,ΦΠΒ¥²γ ,92.55,Ζ½²γ,ΌςΧ°
538,38124,"['»³Θα', '»³Θα']",5Κ3Μό1³ψ2Ξΐ,¶¥²γ ,141.12,Έ΄Κ½,Ύ«Χ°
369,23688,"['»³Θα', '»³Θα']",3Κ2Μό1³ψ2Ξΐ,ΦΠΒ¥²γ ,155.78,Ζ½²γ,Ύ«Χ°
398,29934,"['»³Θα', '»³Θα']",3Κ2Μό1³ψ2Ξΐ,ΦΠΒ¥²γ ,132.96,Ζ½²γ,ΖδΛϋ
450,24577,"['»³Θα', '»³Θα']",3Κ2Μό1³ψ2Ξΐ,ΦΠΒ¥²γ ,183.1,Ζ½²γ,Ύ«Χ°
720,30745,"['»³Θα', '»³Θα']",5Κ2Μό1³ψ2Ξΐ,µΧ²γ ,234.19,Έ΄Κ½,ΖδΛϋ
220,21746,"['»³Θα', '»³Θα']",3Κ1Μό1³ψ1Ξΐ,¶¥²γ ,101.17,Ζ½²γ,ΌςΧ°
158,26667,"['»³Θα', '»³Θα']",2Κ1Μό1³ψ1Ξΐ,ΦΠΒ¥²γ ,59.25,Ζ½²γ,ΌςΧ°
110,15542,"['»³Θα', '»³Θα']",2Κ2Μό1³ψ1Ξΐ,ΈίΒ¥²γ ,70.78,Ζ½²γ,Ύ«Χ°
248,30014,"['»³Θα', '»³Θα']",3Κ1Μό1³ψ1Ξΐ,ΦΠΒ¥²γ ,82.63,Ζ½²γ,ΌςΧ°
259,29180,"['»³Θα', '»³Θα']",2Κ1Μό1³ψ1Ξΐ,µΧ²γ ,88.76,Ζ½²γ,Ύ«Χ°
330,28165,"['»³Θα', '»³Θα']",3Κ1Μό1³ψ2Ξΐ,ΦΠΒ¥²γ ,117.17,Ζ½²γ,ΌςΧ°
233,23622,"['»³Θα', '»³Θα']",2Κ2Μό1³ψ1Ξΐ,ΦΠΒ¥²γ ,98.64,Ζ½²γ,Ύ«Χ°
275,30959,"['»³Θα', '»³Θα']",2Κ1Μό1³ψ1Ξΐ,ΦΠΒ¥²γ ,88.83,Ζ½²γ,Ύ«Χ°
260,29539,"['»³Θα', '»³Θα']",2Κ1Μό1³ψ1Ξΐ,ΦΠΒ¥²γ ,88.02,Ζ½²γ,ΌςΧ°
145,27504,"['»³Θα', '»³Θα']",2Κ1Μό1³ψ1Ξΐ,µΧ²γ ,52.72,Ζ½²γ,Γ«Εχ
188,23236,"['»³Θα', '»³Θα']",2Κ1Μό1³ψ1Ξΐ,µΧ²γ ,80.91,Ζ½²γ,Ύ«Χ°
97,20121,"['»³Θα', '»³Θα']",1Κ1Μό1³ψ1Ξΐ,ΦΠΒ¥²γ ,48.21,Ζ½²γ,ΌςΧ°
299,25801,"['»³Θα', '»³Θα']",3Κ2Μό1³ψ1Ξΐ,µΝΒ¥²γ ,115.89,Ζ½²γ,ΖδΛϋ
289,30002,"['»³Θα', '»³Θα']",2Κ1Μό1³ψ1Ξΐ,µΧ²γ ,96.33,Ζ½²γ,Ύ«Χ°
278,28437,"['»³Θα', '»³Θα']",3Κ1Μό1³ψ1Ξΐ,ΦΠΒ¥²γ ,97.76,Ζ½²γ,ΖδΛϋ
173,25434,"['»³Θα', '»³Θα']",2Κ2Μό1³ψ1Ξΐ,¶¥²γ ,68.02,Ζ½²γ,ΌςΧ°
185,20827,"['»³Θα', '»³Θα']",3Κ1Μό1³ψ1Ξΐ,µΧ²γ ,88.83,Ζ½²γ,ΌςΧ°
535,40421,"['»³Θα', '»³Θα']",3Κ2Μό1³ψ2Ξΐ,ΈίΒ¥²γ ,132.36,Ζ½²γ,Ύ«Χ°
230,23761,"['»³Θα', '»³Θα']",2Κ2Μό1³ψ1Ξΐ,ΦΠΒ¥²γ ,96.8,Ζ½²γ,ΖδΛϋ
238,27360,"['»³Θα', '»³Θα']",3Κ1Μό1³ψ1Ξΐ,ΈίΒ¥²γ ,86.99,Ζ½²γ,ΌςΧ°
215,27959,"['»³Θα', '»³Θα']",3Κ1Μό1³ψ1Ξΐ,µΧ²γ ,76.9,Ζ½²γ,Ύ«Χ°
350,27484,"['»³Θα', '»³Θα']",3Κ2Μό1³ψ2Ξΐ,µΧ²γ ,127.35,Ζ½²γ,Ύ«Χ°
259,29180,"['»³Θα', '»³Θα']",2Κ1Μό1³ψ1Ξΐ,ΦΠΒ¥²γ ,88.76,Ζ½²γ,ΖδΛϋ
133,20155,"['»³Θα', '»³Θα']",2Κ1Μό1³ψ1Ξΐ,¶¥²γ ,65.99,Ζ½²γ,Ύ«Χ°
225,20326,"['»³Θα', '»³Θα']",3Κ2Μό1³ψ2Ξΐ,¶¥²γ ,110.7,Ζ½²γ,ΌςΧ°
176,26916,"['»³Θα', '»³Θα']",2Κ1Μό1³ψ1Ξΐ,µΧ²γ ,65.39,Ζ½²γ,ΌςΧ°
265,26910,"['»³Θα', '»³Θα']",3Κ1Μό1³ψ2Ξΐ,¶¥²γ ,98.48,Ζ½²γ,ΌςΧ°
305,25659,"['»³Θα', '»³Θα']",3Κ1Μό1³ψ1Ξΐ,¶¥²γ ,118.87,Ζ½²γ,Ύ«Χ°
158,28010,"['»³Θα', '»³Θα']",2Κ1Μό1³ψ1Ξΐ,ΦΠΒ¥²γ ,56.41,Ζ½²γ,ΌςΧ°
206,28181,"['»³Θα', '»³Θα']",3Κ1Μό1³ψ1Ξΐ,µΝΒ¥²γ ,73.1,Ζ½²γ,ΖδΛϋ
235,30048,"['»³Θα', '»³Θα']",3Κ1Μό1³ψ1Ξΐ,ΦΠΒ¥²γ ,78.21,Ζ½²γ,Ύ«Χ°
240,23765,"['»³Θα', '»³Θα']",2Κ1Μό1³ψ1Ξΐ,ΦΠΒ¥²γ ,100.99,Ζ½²γ,Ύ«Χ°
175,27340,"['»³Θα', '»³Θα']",2Κ1Μό1³ψ1Ξΐ,µΝΒ¥²γ ,64.01,Ζ½²γ,Ύ«Χ°
170,22589,"['»³Θα', '»³Θα']",2Κ1Μό1³ψ1Ξΐ,ΦΠΒ¥²γ ,75.26,Ζ½²γ,ΌςΧ°
182,22722,"['»³Θα', '»³Θα']",2Κ1Μό1³ψ1Ξΐ,µΧ²γ ,80.1,Ζ½²γ,Ύ«Χ°
213,32002,"['»³Θα', '»³Θα']",2Κ1Μό1³ψ1Ξΐ,µΧ²γ ,66.56,Ζ½²γ,ΌςΧ°
249,24010,"['»³Θα', '»³Θα']",2Κ2Μό1³ψ1Ξΐ,µΝΒ¥²γ ,103.71,Ζ½²γ,Ύ«Χ°
242,37174,"['»³Θα', '»³Θα']",1Κ1Μό1³ψ1Ξΐ,¶¥²γ ,65.1,Ζ½²γ,ΌςΧ°
270,31017,"['»³Θα', '»³Θα']",2Κ2Μό1³ψ2Ξΐ,µΧ²γ ,87.05,Ζ½²γ,ΌςΧ°
245,27829,"['»³Θα', '»³Θα']",2Κ1Μό1³ψ1Ξΐ,µΧ²γ ,88.04,Ζ½²γ,Ύ«Χ°
280,31596,"['»³Θα', '»³Θα']",2Κ1Μό1³ψ1Ξΐ,ΦΠΒ¥²γ ,88.62,Ζ½²γ,ΖδΛϋ
355,29858,"['»³Θα', '»³Θα']",3Κ2Μό1³ψ2Ξΐ,ΦΠΒ¥²γ ,118.9,Ζ½²γ,Ύ«Χ°
165,27853,"['»³Θα', '»³Θα']",2Κ1Μό1³ψ1Ξΐ,ΦΠΒ¥²γ ,59.24,Ζ½²γ,ΌςΧ°
133,19731,"['»³Θα', '»³Θα']",2Κ1Μό1³ψ1Ξΐ,µΝΒ¥²γ ,67.41,Ζ½²γ,ΌςΧ°
180,22190,"['»³Θα', '»³Θα']",2Κ1Μό1³ψ1Ξΐ,ΦΠΒ¥²γ ,81.12,Ζ½²γ,Ύ«Χ°
239,23400,"['»³Θα', '»³Θα']",3Κ2Μό1³ψ1Ξΐ,¶¥²γ ,102.14,Ζ½²γ,ΌςΧ°
266,27588,"['»³Θα', '»³Θα']",2Κ2Μό1³ψ2Ξΐ,¶¥²γ ,96.42,Έ΄Κ½,ΌςΧ°
155,25847,"['»³Θα', '»³Θα']",2Κ1Μό1³ψ1Ξΐ,ΦΠΒ¥²γ ,59.97,Ζ½²γ,ΌςΧ°
1600,38581,"['»³Θα', '»³Θα']",8Κ4Μό2³ψ4Ξΐ,µΧ²γ ,414.72,Έ΄Κ½,Γ«Εχ
330,19527,"['»³Θα', '»³Θα']",4Κ2Μό1³ψ2Ξΐ,¶¥²γ ,169.0,Έ΄Κ½,ΖδΛϋ
260,29224,"['»³Θα', '»³Θα']",2Κ1Μό1³ψ1Ξΐ,µΧ²γ ,88.97,Ζ½²γ,ΖδΛϋ
370,28884,"['»³Θα', '»³Θα']",3Κ2Μό1³ψ2Ξΐ,µΝΒ¥²γ ,128.1,Ζ½²γ,ΖδΛϋ
560,30800,"['»³Θα', '»³Θα']",3Κ2Μό1³ψ2Ξΐ,ΈίΒ¥²γ ,181.82,Ζ½²γ,ΌςΧ°
359,26844,"['»³Θα', '»³Θα']",3Κ2Μό1³ψ2Ξΐ,ΦΠΒ¥²γ ,133.74,Ζ½²γ,Ύ«Χ°
750,36985,"['»³Θα', '»³Θα']",4Κ2Μό1³ψ2Ξΐ,¶¥²γ ,202.79,Έ΄Κ½,ΌςΧ°
760,37288,"['»³Θα', '»³Θα']",4Κ2Μό1³ψ2Ξΐ,µΧ²γ ,203.82,Έ΄Κ½,ΖδΛϋ
268,33703,"['»³Θα', '»³Θα']",4Κ2Μό1³ψ2Ξΐ,¶¥²γ ,79.52,Έ΄Κ½,ΖδΛϋ
215,27072,"['»³Θα', '»³Θα']",2Κ1Μό1³ψ1Ξΐ,ΦΠΒ¥²γ ,79.42,Ζ½²γ,ΌςΧ°
483,34935,"['»³Θα', '»³Θα']",3Κ2Μό1³ψ2Ξΐ,ΈίΒ¥²γ ,138.26,Ζ½²γ,ΌςΧ°
375,28084,"['»³Θα', '»³Θα']",3Κ2Μό1³ψ2Ξΐ,ΈίΒ¥²γ ,133.53,Ζ½²γ,ΌςΧ°
350,31301,"['»³Θα', '»³Θα']",2Κ2Μό1³ψ2Ξΐ,µΝΒ¥²γ ,111.82,Ζ½²γ,ΌςΧ°
243,30052,"['»³Θα', '»³Θα']",3Κ1Μό1³ψ1Ξΐ,ΈίΒ¥²γ ,80.86,Ζ½²γ,ΖδΛϋ
234,32986,"['»³Θα', '»³Θα']",3Κ1Μό1³ψ1Ξΐ,ΦΠΒ¥²γ ,70.94,Ζ½²γ,ΖδΛϋ
225,26574,"['»³Θα', '»³Θα']",2Κ1Μό1³ψ1Ξΐ,¶¥²γ ,84.67,Ζ½²γ,ΖδΛϋ
239,26770,"['»³Θα', '»³Θα']",2Κ1Μό1³ψ1Ξΐ,µΝΒ¥²γ ,89.28,Ζ½²γ,ΖδΛϋ
302,33747,"['»³Θα', '»³Θα']",2Κ1Μό1³ψ1Ξΐ,ΦΠΒ¥²γ ,89.49,Ζ½²γ,Ύ«Χ°
205,29853,"['»³Θα', '»³Θα']",2Κ1Μό1³ψ1Ξΐ,µΝΒ¥²γ ,68.67,Ζ½²γ,ΖδΛϋ
400,31032,"['»³Θα', '»³Θα']",3Κ2Μό1³ψ2Ξΐ,ΦΠΒ¥²γ ,128.9,Ζ½²γ,ΖδΛϋ
1730,56770,"['»³Θα', '»³Θα']",5Κ2Μό1³ψ6Ξΐ,µΧ²γ ,304.74,Έ΄Κ½,Ύ«Χ°
469,36259,"['»³Θα', '»³Θα']",3Κ2Μό1³ψ2Ξΐ,ΦΠΒ¥²γ ,129.35,΄ν²γ,ΖδΛϋ
490,26026,"['»³Θα', '»³Θα']",4Κ2Μό1³ψ3Ξΐ,ΈίΒ¥²γ ,188.28,Έ΄Κ½,Ύ«Χ°
355,30309,"['»³Θα', '»³Θα']",3Κ2Μό1³ψ1Ξΐ,µΧ²γ ,117.13,Ζ½²γ,ΖδΛϋ
278,25895,"['»³Θα', '»³Θα']",3Κ2Μό1³ψ2Ξΐ,¶¥²γ ,107.36,Έ΄Κ½,ΌςΧ°
750,32577,"['»³Θα', '»³Θα']",5Κ3Μό1³ψ3Ξΐ,ΦΠΒ¥²γ ,230.23,Έ΄Κ½,Ύ«Χ°
858,29054,"['»³Θα', '»³Θα']",7Κ2Μό1³ψ4Ξΐ,µΧ²γ ,295.32,Έ΄Κ½,Ύ«Χ°
155,23517,"['»³Θα', '»³Θα']",2Κ1Μό1³ψ1Ξΐ,ΦΠΒ¥²γ ,65.91,Ζ½²γ,ΌςΧ°
219,22471,"['»³Θα', '»³Θα']",2Κ2Μό1³ψ1Ξΐ,µΝΒ¥²γ ,97.46,Ζ½²γ,ΌςΧ°
335,30594,"['»³Θα', '»³Θα']",3Κ1Μό1³ψ1Ξΐ,ΈίΒ¥²γ ,109.5,Ζ½²γ,ΖδΛϋ
298,32026,"['»³Θα', '»³Θα']",3Κ1Μό1³ψ1Ξΐ,ΦΠΒ¥²γ ,93.05,Ζ½²γ,ΌςΧ°
180,20492,"['»³Θα', '»³Θα']",2Κ2Μό1³ψ1Ξΐ,µΝΒ¥²γ ,87.84,Ζ½²γ,ΌςΧ°
305,34083,"['»³Θα', '»³Θα']",2Κ1Μό1³ψ1Ξΐ,ΦΠΒ¥²γ ,89.49,Ζ½²γ,Ύ«Χ°
800,38607,"['»³Θα', '»³Θα']",4Κ2Μό1³ψ2Ξΐ,µΧ²γ ,207.22,Έ΄Κ½,ΖδΛϋ
370,27641,"['»³Θα', '»³Θα']",3Κ2Μό1³ψ2Ξΐ,ΦΠΒ¥²γ ,133.86,Ζ½²γ,ΖδΛϋ
585,20106,"['»³Θα', '»³Θα']",5Κ3Μό1³ψ2Ξΐ,µΧ²γ ,290.96,Έ΄Κ½,ΌςΧ°
245,27229,"['»³Θα', '»³Θα']",3Κ2Μό1³ψ2Ξΐ,¶¥²γ ,89.98,Έ΄Κ½,ΖδΛϋ
675,21050,"['»³Θα', '»³Θα']",4Κ2Μό1³ψ4Ξΐ,µΧ²γ ,320.68,Έ΄Κ½,Γ«Εχ
887,42643,"['»³Θα', '»³Θα']",4Κ3Μό1³ψ3Ξΐ,µΧ²γ ,208.01,Έ΄Κ½,ΌςΧ°
399,24658,"['»³Θα', '»³Θα']",3Κ1Μό1³ψ1Ξΐ,ΦΠΒ¥²γ ,161.82,Ζ½²γ,Ύ«Χ°
2180,37717,"['»³Θα', '»³Θα']",4Κ1Μό1³ψ1Ξΐ,µΧ²γ ,578.0,Έ΄Κ½,Γ«Εχ
1910,57166,"['»³Θα', '»³Θα']",9Κ4Μό3³ψ9Ξΐ,µΧ²γ ,334.12,Έ΄Κ½,ΖδΛϋ
245,27302,"['»³Θα', '»³Θα']",3Κ1Μό1³ψ2Ξΐ,¶¥²γ ,89.74,Έ΄Κ½,ΖδΛϋ
365,21498,"['»³Θα', '»³Θα']",5Κ2Μό1³ψ2Ξΐ,¶¥²γ ,169.79,Έ΄Κ½,ΌςΧ°
830,26230,"['»³Θα', '»³Θα']",6Κ1Μό1³ψ4Ξΐ,µΧ²γ ,316.44,Έ΄Κ½,Γ«Εχ
499,23570,"['»³Θα', '»³Θα']",4Κ3Μό1³ψ3Ξΐ,¶¥²γ ,211.71,Έ΄Κ½,ΖδΛϋ
439,35017,"['»³Θα', '»³Θα']",3Κ2Μό1³ψ2Ξΐ,¶¥²γ ,125.37,Ζ½²γ,ΖδΛϋ
820,23703,"['»³Θα', '»³Θα']",5Κ2Μό1³ψ3Ξΐ,µΨΟΒΚ ,345.96,Έ΄Κ½,ΖδΛϋ
639,39126,"['»³Θα', '»³Θα']",6Κ1Μό1³ψ2Ξΐ,µΧ²γ ,163.32,Έ΄Κ½,Ύ«Χ°
4200,98118,"['»³Θα', '»³Θα']",5Κ3Μό1³ψ3Ξΐ,µΧ²γ ,428.06,Έ΄Κ½,Γ«Εχ
499,37855,"['»³Θα', '»³Θα']",3Κ2Μό1³ψ2Ξΐ,ΦΠΒ¥²γ ,131.82,Ζ½²γ,ΖδΛϋ
320,13979,"['»³Θα', '»³Θα']",5Κ3Μό1³ψ2Ξΐ,¶¥²γ ,228.93,Έ΄Κ½,ΖδΛϋ
360,27040,"['»³Θα', '»³Θα']",3Κ2Μό1³ψ1Ξΐ,ΈίΒ¥²γ ,133.14,Ζ½²γ,ΌςΧ°
325,27738,"['»³Θα', '»³Θα']",3Κ2Μό1³ψ2Ξΐ,ΦΠΒ¥²γ ,117.17,Ζ½²γ,Ύ«Χ°
850,24662,"['»³Θα', '»³Θα']",5Κ2Μό1³ψ3Ξΐ,µΧ²γ ,344.67,Έ΄Κ½,Γ«Εχ
1160,26340,"['»³Θα', '»³Θα']",5Κ2Μό1³ψ3Ξΐ,µΧ²γ ,440.41,Έ΄Κ½,ΖδΛϋ
678,23281,"['»³Θα', '»³Θα']",5Κ2Μό1³ψ3Ξΐ,µΧ²γ ,291.23,Έ΄Κ½,ΖδΛϋ
305,30334,"['»³Θα', '»³Θα']",3Κ2Μό1³ψ2Ξΐ,ΦΠΒ¥²γ ,100.55,Ζ½²γ,ΌςΧ°
530,37233,"['»³Θα', '»³Θα']",3Κ2Μό1³ψ2Ξΐ,µΝΒ¥²γ ,142.35,Ζ½²γ,Ύ«Χ°
460,29079,"['»³Θα', '»³Θα']",3Κ2Μό1³ψ2Ξΐ,¶¥²γ ,158.19,Έ΄Κ½,Γ«Εχ
300,26279,"['»³Θα', '»³Θα']",3Κ2Μό1³ψ1Ξΐ,ΦΠΒ¥²γ ,114.16,Ζ½²γ,Ύ«Χ°
618,24562,"['»³Θα', '»³Θα']",3Κ2Μό1³ψ3Ξΐ,µΧ²γ ,251.61,Έ΄Κ½,Ύ«Χ°
780,24668,"['»³Θα', '»³Θα']",4Κ2Μό1³ψ4Ξΐ,µΧ²γ ,316.21,Έ΄Κ½,ΖδΛϋ
323,36370,"['»³Θα', '»³Θα']",2Κ1Μό1³ψ1Ξΐ,¶¥²γ ,88.81,Έ΄Κ½,Ύ«Χ°
350,31340,"['»³Θα', '»³Θα']",3Κ2Μό1³ψ3Ξΐ,¶¥²γ ,111.68,Έ΄Κ½,Ύ«Χ°
1099,52822,"['»³Θα', '»³Θα']",5Κ2Μό1³ψ3Ξΐ,µΧ²γ ,208.06,Έ΄Κ½,ΖδΛϋ
399,23962,"['»³Θα', '»³Θα']",3Κ2Μό1³ψ2Ξΐ,µΝΒ¥²γ ,166.52,Ζ½²γ,ΖδΛϋ
350,25978,"['»³Θα', '»³Θα']",3Κ2Μό1³ψ1Ξΐ,ΦΠΒ¥²γ ,134.73,Ζ½²γ,ΖδΛϋ
1500,42125,"['»³Θα', '»³Θα']",4Κ3Μό1³ψ3Ξΐ,µΧ²γ ,356.09,Έ΄Κ½,Γ«Εχ
395,29555,"['»³Θα', '»³Θα']",3Κ2Μό1³ψ2Ξΐ,ΦΠΒ¥²γ ,133.65,Ζ½²γ,Ύ«Χ°
280,26431,"['»³Θα', '»³Θα']",2Κ1Μό1³ψ1Ξΐ,µΧ²γ ,105.94,Ζ½²γ,ΌςΧ°
320,27078,"['»³Θα', '»³Θα']",3Κ1Μό1³ψ2Ξΐ,µΧ²γ ,118.18,Ζ½²γ,Ύ«Χ°
730,37209,"['»³Θα', '»³Θα']",4Κ2Μό1³ψ2Ξΐ,ΈίΒ¥²γ ,196.19,Ζ½²γ,Γ«Εχ
415,25852,"['»³Θα', '»³Θα']",3Κ2Μό1³ψ2Ξΐ,ΦΠΒ¥²γ ,160.53,Ζ½²γ,Ύ«Χ°
345,38608,"['»³Θα', '»³Θα']",2Κ1Μό1³ψ1Ξΐ,¶¥²γ ,89.36,Έ΄Κ½,Ύ«Χ°
450,24788,"['»³Θα', '»³Θα']",5Κ2Μό1³ψ2Ξΐ,ΦΠΒ¥²γ ,181.54,Ζ½²γ,ΖδΛϋ
365,27494,"['»³Θα', '»³Θα']",3Κ2Μό1³ψ2Ξΐ,µΧ²γ ,132.76,Ζ½²γ,ΌςΧ°
560,39546,"['»³Θα', '»³Θα']",3Κ2Μό1³ψ2Ξΐ,ΦΠΒ¥²γ ,141.61,Ζ½²γ,ΖδΛϋ
595,21752,"['»³Θα', '»³Θα']",5Κ4Μό1³ψ4Ξΐ,µΧ²γ ,273.55,Έ΄Κ½,ΌςΧ°
209,25488,"['»³Θα', '»³Θα']",3Κ1Μό1³ψ1Ξΐ,¶¥²γ ,82.0,Ζ½²γ,ΌςΧ°
875,25294,"['»³Θα', '»³Θα']",6Κ3Μό1³ψ4Ξΐ,µΧ²γ ,345.94,Έ΄Κ½,Ύ«Χ°
848,23426,"['»³Θα', '»³Θα']",4Κ2Μό1³ψ2Ξΐ,¶¥²γ ,362.0,Έ΄Κ½,ΌςΧ°
325,27660,"['»³Θα', '»³Θα']",4Κ2Μό1³ψ1Ξΐ,¶¥²γ ,117.5,Ζ½²γ,ΌςΧ°
325,24497,"['»³Θα', '»³Θα']",3Κ2Μό1³ψ1Ξΐ,µΝΒ¥²γ ,132.67,Ζ½²γ,Ύ«Χ°
560,29394,"['»³Θα', '»³Θα']",4Κ2Μό1³ψ3Ξΐ,ΈίΒ¥²γ ,190.52,Έ΄Κ½,Γ«Εχ
370,28716,"['»³Θα', '»³Θα']",3Κ2Μό1³ψ2Ξΐ,¶¥²γ ,128.85,Έ΄Κ½,Ύ«Χ°
278,25315,"['»³Θα', '»³Θα']",3Κ1Μό1³ψ2Ξΐ,µΧ²γ ,109.82,Ζ½²γ,ΌςΧ°
345,24993,"['»³Θα', '»³Θα']",3Κ2Μό1³ψ2Ξΐ,µΧ²γ ,138.04,Ζ½²γ,Ύ«Χ°
235,23282,"['»³Θα', '»³Θα']",3Κ1Μό1³ψ1Ξΐ,ΦΠΒ¥²γ ,100.94,Ζ½²γ,Ύ«Χ°
270,27320,"['»³Θα', '»³Θα']",2Κ1Μό1³ψ1Ξΐ,ΦΠΒ¥²γ ,98.83,Ζ½²γ,ΌςΧ°
178,31355,"['»³Θα', '»³Θα']",2Κ1Μό1³ψ1Ξΐ,ΦΠΒ¥²γ ,56.77,Ζ½²γ,ΖδΛϋ
248,27158,"['»³Θα', '»³Θα']",3Κ1Μό1³ψ1Ξΐ,ΈίΒ¥²γ ,91.32,Ζ½²γ,ΌςΧ°
298,33578,"['»³Θα', '»³Θα']",2Κ2Μό1³ψ1Ξΐ,µΧ²γ ,88.75,Ζ½²γ,ΖδΛϋ
219,28277,"['»³Θα', '»³Θα']",3Κ1Μό1³ψ1Ξΐ,ΈίΒ¥²γ ,77.45,Ζ½²γ,Ύ«Χ°
220,38455,"['»³Θα', '»³Θα']",3Κ1Μό1³ψ1Ξΐ,µΧ²γ ,57.21,Ζ½²γ,ΖδΛϋ
258,28885,"['»³Θα', '»³Θα']",3Κ1Μό1³ψ1Ξΐ,ΦΠΒ¥²γ ,89.32,Ζ½²γ,ΌςΧ°
345,27825,"['»³Θα', '»³Θα']",3Κ2Μό1³ψ2Ξΐ,µΝΒ¥²γ ,123.99,Ζ½²γ,ΖδΛϋ
210,36548,"['»³Θα', '»³Θα']",2Κ1Μό1³ψ1Ξΐ,ΦΠΒ¥²γ ,57.46,Ζ½²γ,ΖδΛϋ
228,29657,"['»³Θα', '»³Θα']",2Κ1Μό1³ψ1Ξΐ,ΦΠΒ¥²γ ,76.88,Ζ½²γ,Ύ«Χ°
325,36587,"['»³Θα', '»³Θα']",2Κ1Μό1³ψ1Ξΐ,ΦΠΒ¥²γ ,88.83,Ζ½²γ,ΖδΛϋ
315,26587,"['»³Θα', '»³Θα']",3Κ2Μό1³ψ2Ξΐ,ΦΠΒ¥²γ ,118.48,Ζ½²γ,ΖδΛϋ
215,28663,"['»³Θα', '»³Θα']",2Κ1Μό1³ψ1Ξΐ,ΦΠΒ¥²γ ,75.01,Ζ½²γ,ΌςΧ°
260,28960,"['»³Θα', '»³Θα']",2Κ1Μό1³ψ1Ξΐ,ΦΠΒ¥²γ ,89.78,Ζ½²γ,ΖδΛϋ
565,29534,"['»³Θα', '»³Θα']",5Κ3Μό1³ψ3Ξΐ,ΈίΒ¥²γ ,191.31,Έ΄Κ½,Ύ«Χ°
500,41940,"['»³Θα', '»³Θα']",3Κ2Μό1³ψ2Ξΐ,¶¥²γ ,119.22,Έ΄Κ½,Ύ«Χ°
535,37804,"['»³Θα', '»³Θα']",3Κ2Μό1³ψ2Ξΐ,ΈίΒ¥²γ ,141.52,Ζ½²γ,ΌςΧ°
560,40167,"['»³Θα', '»³Θα']",3Κ2Μό1³ψ2Ξΐ,ΦΠΒ¥²γ ,139.42,Ζ½²γ,Ύ«Χ°
785,29060,"['»³Θα', '»³Θα']",4Κ2Μό1³ψ3Ξΐ,µΧ²γ ,270.14,Έ΄Κ½,Ύ«Χ°
300,31277,"['»³Θα', '»³Θα']",3Κ2Μό1³ψ2Ξΐ,¶¥²γ ,95.92,Έ΄Κ½,Ύ«Χ°
580,35410,"['»³Θα', '»³Θα']",4Κ2Μό1³ψ2Ξΐ,¶¥²γ ,163.8,Έ΄Κ½,Ύ«Χ°
470,30818,"['»³Θα', '»³Θα']",4Κ2Μό1³ψ3Ξΐ,ΦΠΒ¥²γ ,152.51,Ζ½²γ,Ύ«Χ°
440,26953,"['»³Θα', '»³Θα']",3Κ2Μό1³ψ2Ξΐ,µΧ²γ ,163.25,Έ΄Κ½,Ύ«Χ°
203,18042,"['»³Θα', '»³Θα']",3Κ2Μό1³ψ1Ξΐ,¶¥²γ ,112.52,Έ΄Κ½,ΌςΧ°
560,39420,"['»³Θα', '»³Θα']",3Κ2Μό1³ψ2Ξΐ,µΝΒ¥²γ ,142.06,Ζ½²γ,ΌςΧ°
515,30172,"['»³Θα', '»³Θα']",4Κ2Μό1³ψ3Ξΐ,µΧ²γ ,170.69,Έ΄Κ½,Ύ«Χ°
198,23224,"['»³Θα', '»³Θα']",3Κ1Μό1³ψ1Ξΐ,¶¥²γ ,85.26,Ζ½²γ,ΌςΧ°
300,32196,"['»³Θα', '»³Θα']",3Κ1Μό1³ψ1Ξΐ,ΦΠΒ¥²γ ,93.18,Ζ½²γ,ΌςΧ°
368,25341,"['»³Θα', '»³Θα']",3Κ2Μό1³ψ1Ξΐ,µΝΒ¥²γ ,145.22,Ζ½²γ,Ύ«Χ°
235,25475,"['»³Θα', '»³Θα']",2Κ1Μό1³ψ1Ξΐ,ΦΠΒ¥²γ ,92.25,Ζ½²γ,ΖδΛϋ
199,24900,"['»³Θα', '»³Θα']",2Κ1Μό1³ψ1Ξΐ,µΧ²γ ,79.92,Ζ½²γ,ΌςΧ°
335,31536,"['»³Θα', '»³Θα']",3Κ1Μό1³ψ1Ξΐ,ΦΠΒ¥²γ ,106.23,Ζ½²γ,ΖδΛϋ
480,37562,"['»³Θα', '»³Θα']",3Κ1Μό1³ψ2Ξΐ,µΧ²γ ,127.79,Ζ½²γ,Ύ«Χ°
355,32647,"['»³Θα', '»³Θα']",3Κ2Μό1³ψ1Ξΐ,ΦΠΒ¥²γ ,108.74,Ζ½²γ,ΖδΛϋ
170,20659,"['»³Θα', '»³Θα']",3Κ1Μό1³ψ1Ξΐ,µΧ²γ ,82.29,Ζ½²γ,ΖδΛϋ
185,27412,"['»³Θα', '»³Θα']",2Κ1Μό1³ψ1Ξΐ,¶¥²γ ,67.49,Ζ½²γ,ΖδΛϋ
188,23678,"['»³Θα', '»³Θα']",3Κ1Μό1³ψ1Ξΐ,¶¥²γ ,79.4,Ζ½²γ,ΖδΛϋ
210,26879,"['»³Θα', '»³Θα']",3Κ1Μό1³ψ1Ξΐ,¶¥²γ ,78.13,Ζ½²γ,Ύ«Χ°
240,31464,"['»³Θα', '»³Θα']",3Κ1Μό1³ψ1Ξΐ,µΧ²γ ,76.28,Ζ½²γ,ΖδΛϋ
148,27221,"['»³Θα', '»³Θα']",2Κ1Μό1³ψ1Ξΐ,ΈίΒ¥²γ ,54.37,Ζ½²γ,ΖδΛϋ
325,33774,"['»³Θα', '»³Θα']",3Κ2Μό1³ψ2Ξΐ,ΦΠΒ¥²γ ,96.23,Ζ½²γ,ΖδΛϋ
198,22697,"['»³Θα', '»³Θα']",2Κ1Μό1³ψ1Ξΐ,ΈίΒ¥²γ ,87.24,Ζ½²γ,ΖδΛϋ
175,23030,"['»³Θα', '»³Θα']",2Κ1Μό1³ψ1Ξΐ,ΦΠΒ¥²γ ,75.99,Ζ½²γ,ΌςΧ°
150,22717,"['»³Θα', '»³Θα']",2Κ1Μό1³ψ1Ξΐ,µΧ²γ ,66.03,Ζ½²γ,ΌςΧ°
125,18957,"['»³Θα', '»³Θα']",2Κ1Μό1³ψ1Ξΐ,ΦΠΒ¥²γ ,65.94,Ζ½²γ,ΌςΧ°
167,22114,"['»³Θα', '»³Θα']",3Κ1Μό1³ψ1Ξΐ,ΦΠΒ¥²γ ,75.52,Ζ½²γ,Ύ«Χ°
375,34868,"['»³Θα', '»³Θα']",3Κ2Μό1³ψ2Ξΐ,µΝΒ¥²γ ,107.55,Ζ½²γ,Ύ«Χ°
155,26592,"['»³Θα', '»³Θα']",2Κ1Μό1³ψ1Ξΐ,µΧ²γ ,58.29,Ζ½²γ,ΖδΛϋ
142,20592,"['»³Θα', '»³Θα']",2Κ1Μό1³ψ1Ξΐ,¶¥²γ ,68.96,Ζ½²γ,Ύ«Χ°
238,27138,"['»³Θα', '»³Θα']",3Κ1Μό1³ψ1Ξΐ,µΝΒ¥²γ ,87.7,Ζ½²γ,ΌςΧ°
194,21870,"['»³Θα', '»³Θα']",2Κ2Μό1³ψ1Ξΐ,¶¥²γ ,88.71,Ζ½²γ,ΖδΛϋ
215,25755,"['»³Θα', '»³Θα']",3Κ1Μό1³ψ1Ξΐ,¶¥²γ ,83.48,Ζ½²γ,ΖδΛϋ
267,25024,"['»³Θα', '»³Θα']",3Κ1Μό1³ψ1Ξΐ,ΦΠΒ¥²γ ,106.7,Ζ½²γ,Ύ«Χ°
450,21722,"['»³Θα', '»³Θα']",5Κ2Μό1³ψ3Ξΐ,¶¥²γ ,207.17,Έ΄Κ½,ΖδΛϋ
515,35892,"['»³Θα', '»³Θα']",3Κ2Μό1³ψ2Ξΐ,ΦΠΒ¥²γ ,143.49,Ζ½²γ,ΌςΧ°
425,31805,"['»³Θα', '»³Θα']",3Κ2Μό1³ψ2Ξΐ,ΦΠΒ¥²γ ,133.63,Ζ½²γ,ΖδΛϋ
729,34776,"['»³Θα', '»³Θα']",4Κ2Μό1³ψ2Ξΐ,µΧ²γ ,209.63,Έ΄Κ½,Γ«Εχ
350,30343,"['»³Θα', '»³Θα']",3Κ2Μό1³ψ2Ξΐ,¶¥²γ ,115.35,Ζ½²γ,ΖδΛϋ
500,35321,"['»³Θα', '»³Θα']",3Κ3Μό1³ψ2Ξΐ,¶¥²γ ,141.56,Έ΄Κ½,ΖδΛϋ
850,33866,"['»³Θα', '»³Θα']",5Κ2Μό1³ψ3Ξΐ,¶¥²γ ,250.99,Έ΄Κ½,Ύ«Χ°
2100,27803,"['»³Θα', '»³Θα']",6Κ6Μό2³ψ6Ξΐ,µΧ²γ ,755.32,Έ΄Κ½,ΖδΛϋ
376,31457,"['»³Θα', '»³Θα']",3Κ2Μό1³ψ2Ξΐ,¶¥²γ ,119.53,Ζ½²γ,ΖδΛϋ
710,35033,"['»³Θα', '»³Θα']",4Κ1Μό1³ψ2Ξΐ,µΧ²γ ,202.67,Έ΄Κ½,Ύ«Χ°
429,27158,"['»³Θα', '»³Θα']",4Κ3Μό1³ψ2Ξΐ,ΈίΒ¥²γ ,157.97,Έ΄Κ½,ΖδΛϋ
599,27653,"['»³Θα', '»³Θα']",6Κ2Μό1³ψ4Ξΐ,µΧ²γ ,216.62,Έ΄Κ½,ΖδΛϋ
310,28504,"['»³Θα', '»³Θα']",3Κ1Μό1³ψ2Ξΐ,µΧ²γ ,108.76,Ζ½²γ,ΌςΧ°
850,33026,"['»³Θα', '»³Θα']",4Κ2Μό1³ψ3Ξΐ,¶¥²γ ,257.38,Έ΄Κ½,Ύ«Χ°
535,25886,"['»³Θα', '»³Θα']",5Κ3Μό1³ψ3Ξΐ,¶¥²γ ,206.68,Έ΄Κ½,ΖδΛϋ
589,41450,"['»³Θα', '»³Θα']",3Κ2Μό1³ψ2Ξΐ,ΦΠΒ¥²γ ,142.1,Ζ½²γ,ΌςΧ°
635,27365,"['»³Θα', '»³Θα']",5Κ4Μό1³ψ3Ξΐ,ΦΠΒ¥²γ ,232.05,Έ΄Κ½,Ύ«Χ°
430,33534,"['»³Θα', '»³Θα']",3Κ2Μό1³ψ2Ξΐ,¶¥²γ ,128.23,Έ΄Κ½,ΖδΛϋ
1280,25936,"['»³Θα', '»³Θα']",5Κ3Μό1³ψ4Ξΐ,µΧ²γ ,493.53,Έ΄Κ½,ΖδΛϋ
248,22953,"['»³Θα', '»³Θα']",3Κ2Μό1³ψ1Ξΐ,ΈίΒ¥²γ ,108.05,Ζ½²γ,Ύ«Χ°
526,26806,"['»³Θα', '»³Θα']",5Κ3Μό1³ψ2Ξΐ,¶¥²γ ,196.23,Έ΄Κ½,ΖδΛϋ
778,39455,"['»³Θα', '»³Θα']",4Κ3Μό1³ψ2Ξΐ,µΧ²γ ,197.19,Έ΄Κ½,ΌςΧ°
498,40194,"['»³Θα', '»³Θα']",3Κ2Μό1³ψ2Ξΐ,¶¥²γ ,123.9,Έ΄Κ½,Ύ«Χ°
798,31068,"['»³Θα', '»³Θα']",4Κ3Μό2³ψ1Ξΐ,ΦΠΒ¥²γ ,256.86,Έ΄Κ½,Ύ«Χ°
660,22705,"['»³Θα', '»³Θα']",5Κ2Μό1³ψ2Ξΐ,µΧ²γ ,290.69,Έ΄Κ½,Ύ«Χ°
350,24079,"['»³Θα', '»³Θα']",2Κ2Μό1³ψ2Ξΐ,ΦΠΒ¥²γ ,145.36,Ζ½²γ,ΌςΧ°
385,27881,"['»³Θα', '»³Θα']",3Κ2Μό1³ψ3Ξΐ,¶¥²γ ,138.09,Έ΄Κ½,ΖδΛϋ
370,32405,"['»³Θα', '»³Θα']",3Κ1Μό1³ψ1Ξΐ,ΦΠΒ¥²γ ,114.18,Ζ½²γ,Ύ«Χ°
268,28040,"['»³Θα', '»³Θα']",3Κ1Μό1³ψ1Ξΐ,¶¥²γ ,95.58,Ζ½²γ,ΖδΛϋ
580,30865,"['»³Θα', '»³Θα']",3Κ2Μό1³ψ2Ξΐ,ΈίΒ¥²γ ,187.92,Ζ½²γ,Ύ«Χ°
350,28465,"['»³Θα', '»³Θα']",3Κ2Μό1³ψ2Ξΐ,ΦΠΒ¥²γ ,122.96,Ζ½²γ,ΌςΧ°
499,25533,"['»³Θα', '»³Θα']",4Κ2Μό1³ψ2Ξΐ,µΝΒ¥²γ ,195.44,Ζ½²γ,ΖδΛϋ
388,27162,"['»³Θα', '»³Θα']",3Κ2Μό1³ψ2Ξΐ,µΧ²γ ,142.85,Ζ½²γ,ΖδΛϋ
368,27869,"['»³Θα', '»³Θα']",3Κ1Μό1³ψ2Ξΐ,ΦΠΒ¥²γ ,132.05,Ζ½²γ,Ύ«Χ°
2170,89967,"['»³Θα', '»³Θα']",4Κ2Μό1³ψ3Ξΐ,µΧ²γ ,241.2,Έ΄Κ½,ΖδΛϋ
410,35112,"['»³Θα', '»³Θα']",3Κ2Μό1³ψ2Ξΐ,¶¥²γ ,116.77,Έ΄Κ½,ΖδΛϋ
390,28928,"['»³Θα', '»³Θα']",3Κ2Μό1³ψ1Ξΐ,ΦΠΒ¥²γ ,134.82,Ζ½²γ,ΖδΛϋ
525,34956,"['»³Θα', '»³Θα']",3Κ2Μό1³ψ2Ξΐ,ΦΠΒ¥²γ ,150.19,Ζ½²γ,Ύ«Χ°
369,31493,"['»³Θα', '»³Θα']",3Κ2Μό1³ψ2Ξΐ,µΧ²γ ,117.17,Ζ½²γ,ΖδΛϋ
400,33676,"['»³Θα', '»³Θα']",3Κ2Μό1³ψ2Ξΐ,ΦΠΒ¥²γ ,118.78,Ζ½²γ,ΌςΧ°
829,24552,"['»³Θα', '»³Θα']",4Κ2Μό1³ψ3Ξΐ,µΧ²γ ,337.66,Έ΄Κ½,Ύ«Χ°
320,30793,"['»³Θα', '»³Θα']",3Κ2Μό1³ψ1Ξΐ,ΦΠΒ¥²γ ,103.92,Ζ½²γ,ΌςΧ°
500,31520,"['»³Θα', '»³Θα']",3Κ2Μό1³ψ3Ξΐ,¶¥²γ ,158.63,Έ΄Κ½,ΌςΧ°
304,33741,"['»³Θα', '»³Θα']",2Κ2Μό1³ψ1Ξΐ,¶¥²γ ,90.1,Έ΄Κ½,Ύ«Χ°
628,21731,"['»³Θα', '»³Θα']",4Κ3Μό1³ψ3Ξΐ,µΧ²γ ,289.0,Έ΄Κ½,ΌςΧ°
340,29430,"['»³Θα', '»³Θα']",3Κ2Μό1³ψ1Ξΐ,ΦΠΒ¥²γ ,115.53,Ζ½²γ,Ύ«Χ°
550,32016,"['»³Θα', '»³Θα']",5Κ3Μό1³ψ3Ξΐ,¶¥²γ ,171.79,Έ΄Κ½,ΖδΛϋ
750,37273,"['»³Θα', '»³Θα']",4Κ2Μό1³ψ2Ξΐ,µΧ²γ ,201.22,Έ΄Κ½,ΖδΛϋ
299,25801,"['»³Θα', '»³Θα']",3Κ2Μό1³ψ1Ξΐ,ΦΠΒ¥²γ ,115.89,Ζ½²γ,Ύ«Χ°
309,39570,"['»³Θα', '»³Θα']",4Κ2Μό1³ψ2Ξΐ,¶¥²γ ,78.09,Έ΄Κ½,Ύ«Χ°
270,22456,"['»³Θα', '»³Θα']",4Κ2Μό1³ψ2Ξΐ,¶¥²γ ,120.24,Ζ½²γ,Ύ«Χ°
345,27545,"['»³Θα', '»³Θα']",3Κ2Μό1³ψ2Ξΐ,ΈίΒ¥²γ ,125.25,Ζ½²γ,ΖδΛϋ
685,49968,"['»³Θα', '»³Θα']",3Κ2Μό1³ψ2Ξΐ,µΧ²γ ,137.09,Ζ½²γ,ΌςΧ°
826,42103,"['»³Θα', '»³Θα']",4Κ2Μό1³ψ2Ξΐ,ΈίΒ¥²γ ,196.19,Ζ½²γ,Ύ«Χ°
528,37121,"['»³Θα', '»³Θα']",3Κ2Μό1³ψ2Ξΐ,µΝΒ¥²γ ,142.24,Ζ½²γ,Ύ«Χ°
430,27604,"['»³Θα', '»³Θα']",3Κ2Μό1³ψ2Ξΐ,ΦΠΒ¥²γ ,155.78,Ζ½²γ,Ύ«Χ°
320,21249,"['»³Θα', '»³ΘαΖδΛό']",5Κ1Μό1³ψ2Ξΐ,µΧ²γ ,150.6,Ζ½²γ,Ύ«Χ°
375,31013,"['»³Θα', '»³Θα']",2Κ2Μό1³ψ2Ξΐ,µΧ²γ ,120.92,Ζ½²γ,Ύ«Χ°
433,27635,"['»³Θα', '»³Θα']",4Κ3Μό1³ψ2Ξΐ,¶¥²γ ,156.69,Έ΄Κ½,ΖδΛϋ
290,18679,"['»³Θα', '»³Θα']",3Κ2Μό1³ψ1Ξΐ,ΦΠΒ¥²γ ,155.26,Ζ½²γ,Ύ«Χ°
570,40198,"['»³Θα', '»³Θα']",3Κ1Μό1³ψ2Ξΐ,ΈίΒ¥²γ ,141.8,Ζ½²γ,ΌςΧ°
365,30583,"['»³Θα', '»³Θα']",3Κ2Μό1³ψ2Ξΐ,µΧ²γ ,119.35,Ζ½²γ,ΖδΛϋ
640,41262,"['»³Θα', '»³Θα']",4Κ2Μό1³ψ2Ξΐ,µΝΒ¥²γ ,155.11,Ζ½²γ,Ύ«Χ°
390,30135,"['»³Θα', '»³Θα']",3Κ2Μό1³ψ2Ξΐ,µΝΒ¥²γ ,129.42,Ζ½²γ,ΌςΧ°
648,27647,"['»³Θα', '»³Θα']",4Κ2Μό1³ψ3Ξΐ,µΧ²γ ,234.39,Έ΄Κ½,Ύ«Χ°
577,33236,"['»³Θα', '»³Θα']",4Κ2Μό1³ψ2Ξΐ,µΧ²γ ,173.61,Έ΄Κ½,Ύ«Χ°
1677,42482,"['»³Θα', '»³Θα']",7Κ3Μό1³ψ4Ξΐ,µΧ²γ ,394.76,Έ΄Κ½,Ύ«Χ°
430,32220,"['»³Θα', '»³Θα']",3Κ2Μό1³ψ2Ξΐ,ΦΠΒ¥²γ ,133.46,Ζ½²γ,Ύ«Χ°
300,19080,"['»³Θα', '»³Θα']",3Κ1Μό1³ψ2Ξΐ,ΈίΒ¥²γ ,157.24,Ζ½²γ,ΖδΛϋ
280,17445,"['»³Θα', '»³Θα']",3Κ2Μό1³ψ2Ξΐ,¶¥²γ ,160.51,Ζ½²γ,ΖδΛϋ
252,30366,"['»³Θα', '»³ΘαΖδΛό']",2Κ1Μό1³ψ1Ξΐ,µΧ²γ ,82.99,Ζ½²γ,ΌςΧ°
380,33226,"['»³Θα', '»³Θα']",3Κ1Μό1³ψ2Ξΐ,µΧ²γ ,114.37,Ζ½²γ,Ύ«Χ°
329,27743,"['»³Θα', '»³Θα']",3Κ2Μό1³ψ2Ξΐ,µΧ²γ ,118.59,Ζ½²γ,ΌςΧ°
1490,38823,"['»³Θα', '»³Θα']",5Κ2Μό1³ψ2Ξΐ,µΧ²γ ,383.8,Έ΄Κ½,Ύ«Χ°
292,26248,"['»³Θα', '»³Θα']",3Κ1Μό1³ψ2Ξΐ,ΦΠΒ¥²γ ,111.25,Ζ½²γ,Ύ«Χ°
380,27072,"['»³Θα', '»³Θα']",3Κ2Μό1³ψ2Ξΐ,µΧ²γ ,140.37,Ζ½²γ,ΌςΧ°
378,25659,"['»³Θα', '»³Θα']",3Κ2Μό1³ψ2Ξΐ,¶¥²γ ,147.32,Έ΄Κ½,ΌςΧ°
330,20147,"['»³Θα', '»³Θα']",4Κ2Μό1³ψ2Ξΐ,¶¥²γ ,163.8,Έ΄Κ½,ΖδΛϋ
352,27443,"['»³Θα', '»³Θα']",3Κ2Μό1³ψ2Ξΐ,ΈίΒ¥²γ ,128.27,Ζ½²γ,ΖδΛϋ
521,26766,"['»³Θα', '»³Θα']",4Κ2Μό1³ψ2Ξΐ,µΝΒ¥²γ ,194.65,Ζ½²γ,ΖδΛϋ
950,30430,"['»³Θα', '»³Θα']",3Κ2Μό1³ψ2Ξΐ,µΧ²γ ,312.2,Έ΄Κ½,ΖδΛϋ
420,26633,"['»³Θα', '»³Θα']",4Κ2Μό1³ψ2Ξΐ,ΈίΒ¥²γ ,157.7,Έ΄Κ½,ΖδΛϋ
340,26406,"['»³Θα', '»³Θα']",3Κ2Μό1³ψ2Ξΐ,¶¥²γ ,128.76,Έ΄Κ½,ΌςΧ°
206,18308,"['»³Θα', '»³Θα']",3Κ1Μό1³ψ1Ξΐ,¶¥²γ ,112.52,Έ΄Κ½,ΌςΧ°
325,28557,"['»³Θα', '»³Θα']",3Κ1Μό1³ψ1Ξΐ,ΦΠΒ¥²γ ,113.81,Ζ½²γ,Ύ«Χ°
290,12668,"['»³Θα', '»³Θα']",5Κ3Μό1³ψ2Ξΐ,¶¥²γ ,228.93,Έ΄Κ½,ΖδΛϋ
905,43418,"['»³Θα', '»³Θα']",5Κ2Μό1³ψ3Ξΐ,µΧ²γ ,208.44,Έ΄Κ½,Ύ«Χ°
450,27932,"['»³Θα', '»³Θα']",3Κ2Μό1³ψ2Ξΐ,ΦΠΒ¥²γ ,161.11,Ζ½²γ,ΖδΛϋ
550,35969,"['»³Θα', '»³Θα']",3Κ2Μό1³ψ2Ξΐ,ΈίΒ¥²γ ,152.91,Ζ½²γ,ΖδΛϋ
589,43562,"['»³Θα', '»³Θα']",3Κ2Μό1³ψ2Ξΐ,¶¥²γ ,135.21,Έ΄Κ½,Ύ«Χ°
715,38868,"['»³Θα', '»³Θα']",4Κ2Μό1³ψ2Ξΐ,ΦΠΒ¥²γ ,183.96,Ζ½²γ,ΌςΧ°
890,25726,"['»³Θα', '»³Θα']",4Κ4Μό1³ψ4Ξΐ,µΧ²γ ,345.96,Έ΄Κ½,ΖδΛϋ
380,32816,"['»³Θα', '»³Θα']",3Κ1Μό1³ψ1Ξΐ,ΦΠΒ¥²γ ,115.8,Ζ½²γ,ΖδΛϋ
435,37433,"['»³Θα', '»³Θα']",3Κ2Μό1³ψ1Ξΐ,ΦΠΒ¥²γ ,116.21,Ζ½²γ,ΖδΛϋ
380,27987,"['»³Θα', '»³Θα']",3Κ2Μό1³ψ2Ξΐ,µΧ²γ ,135.78,Ζ½²γ,ΌςΧ°
322,28293,"['»³Θα', '»³Θα']",3Κ2Μό1³ψ1Ξΐ,¶¥²γ ,113.81,Ζ½²γ,ΖδΛϋ
358,28312,"['»³Θα', '»³Θα']",3Κ2Μό1³ψ2Ξΐ,ΈίΒ¥²γ ,126.45,Ζ½²γ,ΖδΛϋ
320,24698,"['»³Θα', '»³Θα']",3Κ2Μό1³ψ2Ξΐ,ΦΠΒ¥²γ ,129.57,Ζ½²γ,ΖδΛϋ
220,24516,"['»³Θα', '»³Θα']",4Κ2Μό1³ψ2Ξΐ,¶¥²γ ,89.74,Έ΄Κ½,ΖδΛϋ
289,20311,"['»³Θα', '»³Θα']",3Κ2Μό1³ψ2Ξΐ,ΦΠΒ¥²γ ,142.29,Ζ½²γ,Ύ«Χ°
355,29951,"['»³Θα', '»³Θα']",4Κ2Μό1³ψ1Ξΐ,µΝΒ¥²γ ,118.53,Ζ½²γ,ΖδΛϋ
1180,60448,"['»³Θα', '»³Θα']",5Κ2Μό1³ψ3Ξΐ,µΧ²γ ,195.21,Έ΄Κ½,Ύ«Χ°
570,29447,"['»³Θα', '»³Θα']",4Κ2Μό1³ψ3Ξΐ,ΈίΒ¥²γ ,193.57,Έ΄Κ½,Ύ«Χ°
249,31519,"['»³Θα', '»³Θα']",2Κ1Μό1³ψ1Ξΐ,¶¥²γ ,79.0,Έ΄Κ½,Ύ«Χ°
580,19783,"['»³Θα', '»³Θα']",4Κ3Μό1³ψ3Ξΐ,µΧ²γ ,293.19,Έ΄Κ½,ΌςΧ°
275,23920,"['»³Θα', '»³Θα']",4Κ1Μό1³ψ1Ξΐ,ΈίΒ¥²γ ,114.97,Ζ½²γ,ΌςΧ°
700,37980,"['»³Θα', '»³Θα']",4Κ2Μό1³ψ2Ξΐ,¶¥²γ ,184.31,Ζ½²γ,ΖδΛϋ
280,27422,"['»³Θα', '»³Θα']",2Κ1Μό1³ψ1Ξΐ,¶¥²γ ,102.11,Ζ½²γ,Ύ«Χ°
640,31293,"['»³Θα', '»³Θα']",3Κ2Μό1³ψ3Ξΐ,µΧ²γ ,204.52,Έ΄Κ½,Ύ«Χ°
410,34594,"['»³Θα', '»³Θα']",3Κ1Μό1³ψ2Ξΐ,¶¥²γ ,118.52,Έ΄Κ½,ΖδΛϋ
305,27208,"['»³Θα', '»³Θα']",3Κ2Μό1³ψ2Ξΐ,ΈίΒ¥²γ ,112.1,Ζ½²γ,ΖδΛϋ
830,36044,"['»³Θα', '»³Θα']",4Κ2Μό1³ψ3Ξΐ,ΦΠΒ¥²γ ,230.28,Ζ½²γ,Ύ«Χ°
1560,54224,"['»³Θα', '»³Θα']",6Κ3Μό1³ψ3Ξΐ,µΧ²γ ,287.7,Έ΄Κ½,ΖδΛϋ
438,26112,"['»³Θα', '»³Θα']",4Κ2Μό1³ψ2Ξΐ,¶¥²γ ,167.74,Έ΄Κ½,ΖδΛϋ
798,28251,"['»³Θα', '»³Θα']",5Κ3Μό1³ψ2Ξΐ,ΦΠΒ¥²γ ,282.47,Έ΄Κ½,ΌςΧ°
730,30211,"['»³Θα', '»³Θα']",4Κ2Μό1³ψ3Ξΐ,µΧ²γ ,241.64,Έ΄Κ½,Ύ«Χ°
605,41875,"['»³Θα', '»³Θα']",3Κ2Μό1³ψ2Ξΐ,µΝΒ¥²γ ,144.48,Ζ½²γ,ΖδΛϋ
315,28564,"['»³Θα', '»³Θα']",3Κ1Μό1³ψ2Ξΐ,ΦΠΒ¥²γ ,110.28,Ζ½²γ,ΖδΛϋ
315,30231,"['»³Θα', '»³Θα']",3Κ2Μό1³ψ2Ξΐ,¶¥²γ ,104.2,Ζ½²γ,Ύ«Χ°
570,36749,"['»³Θα', '»³Θα']",3Κ2Μό1³ψ2Ξΐ,ΦΠΒ¥²γ ,155.11,Ζ½²γ,ΖδΛϋ
388,29426,"['»³Θα', '»³Θα']",3Κ2Μό1³ψ2Ξΐ,¶¥²γ ,131.86,Ζ½²γ,ΖδΛϋ
230,14793,"['»³Θα', '»³Θα']",4Κ2Μό1³ψ2Ξΐ,¶¥²γ ,155.48,Έ΄Κ½,ΌςΧ°
300,24349,"['»³Θα', '»³Θα']",3Κ2Μό1³ψ2Ξΐ,ΈίΒ¥²γ ,123.21,Ζ½²γ,ΖδΛϋ
660,26565,"['»³Θα', '»³Θα']",4Κ2Μό1³ψ2Ξΐ,µΧ²γ ,248.45,Έ΄Κ½,ΖδΛϋ
330,24330,"['»³Θα', '»³Θα']",3Κ2Μό1³ψ2Ξΐ,ΈίΒ¥²γ ,135.64,Ζ½²γ,ΖδΛϋ
335,28249,"['»³Θα', '»³Θα']",3Κ2Μό1³ψ2Ξΐ,ΦΠΒ¥²γ ,118.59,Ζ½²γ,Ύ«Χ°
539,38119,"['»³Θα', '»³Θα']",3Κ2Μό1³ψ2Ξΐ,¶¥²γ ,141.4,Ζ½²γ,ΖδΛϋ
395,25357,"['»³Θα', '»³Θα']",3Κ2Μό1³ψ1Ξΐ,ΦΠΒ¥²γ ,155.78,Ζ½²γ,Γ«Εχ
395,39226,"['»³Θα', '»³Θα']",3Κ1Μό1³ψ2Ξΐ,ΦΠΒ¥²γ ,100.7,Ζ½²γ,ΖδΛϋ
620,27761,"['»³Θα', '»³Θα']",4Κ2Μό1³ψ3Ξΐ,µΧ²γ ,223.34,Έ΄Κ½,ΌςΧ°
248,15951,"['»³Θα', '»³Θα']",3Κ2Μό1³ψ2Ξΐ,ΦΠΒ¥²γ ,155.48,Ζ½²γ,ΖδΛϋ
665,36941,"['»³Θα', '»³Θα']",4Κ3Μό1³ψ2Ξΐ,ΈίΒ¥²γ ,180.02,Έ΄Κ½,ΌςΧ°
700,42974,"['»³Θα', '»³Θα']",5Κ2Μό1³ψ3Ξΐ,µΧ²γ ,162.89,Έ΄Κ½,ΖδΛϋ
333,33053,"['»³Θα', '»³Θα']",3Κ1Μό1³ψ2Ξΐ,¶¥²γ ,100.75,Έ΄Κ½,Ύ«Χ°
2090,38158,"['»³Θα', '»³Θα']",7Κ2Μό1³ψ6Ξΐ,µΧ²γ ,547.73,Έ΄Κ½,Ύ«Χ°
300,23134,"['»³Θα', '»³Θα']",3Κ1Μό1³ψ1Ξΐ,ΈίΒ¥²γ ,129.68,Ζ½²γ,ΖδΛϋ
1300,51676,"['»³Θα', '»³Θα']",5Κ2Μό1³ψ3Ξΐ,µΧ²γ ,251.57,Έ΄Κ½,ΖδΛϋ
399,32186,"['»³Θα', '»³Θα']",3Κ2Μό1³ψ2Ξΐ,ΦΠΒ¥²γ ,123.97,Ζ½²γ,ΖδΛϋ
280,25812,"['»³Θα', '»³Θα']",3Κ2Μό1³ψ1Ξΐ,¶¥²γ ,108.48,Ζ½²γ,ΖδΛϋ
470,39390,"['»³Θα', '»³Θα']",3Κ1Μό1³ψ2Ξΐ,ΈίΒ¥²γ ,119.32,Ζ½²γ,Ύ«Χ°
335,38025,"['»³Θα', '»³Θα']",3Κ2Μό1³ψ2Ξΐ,¶¥²γ ,88.1,Έ΄Κ½,ΌςΧ°
540,38117,"['»³Θα', '»³Θα']",3Κ1Μό1³ψ2Ξΐ,¶¥²γ ,141.67,Ζ½²γ,ΌςΧ°
438,25998,"['»³Θα', '»³Θα']",4Κ2Μό1³ψ2Ξΐ,ΈίΒ¥²γ ,168.48,Έ΄Κ½,Ύ«Χ°
460,34499,"['»³Θα', '»³Θα']",3Κ2Μό1³ψ2Ξΐ,ΦΠΒ¥²γ ,133.34,Ζ½²γ,Ύ«Χ°
245,21216,"['»³Θα', '»³Θα']",3Κ2Μό1³ψ1Ξΐ,ΦΠΒ¥²γ ,115.48,Ζ½²γ,Ύ«Χ°
529,37299,"['»³Θα', '»³Θα']",3Κ2Μό1³ψ2Ξΐ,ΈίΒ¥²γ ,141.83,Ζ½²γ,Ύ«Χ°
485,29020,"['»³Θα', '»³Θα']",3Κ2Μό1³ψ2Ξΐ,µΧ²γ ,167.13,Ζ½²γ,ΖδΛϋ
800,30615,"['»³Θα', '»³Θα']",7Κ2Μό1³ψ3Ξΐ,µΧ²γ ,261.31,Έ΄Κ½,ΖδΛϋ
355,27384,"['»³Θα', '»³Θα']",3Κ2Μό1³ψ1Ξΐ,µΧ²γ ,129.64,Ζ½²γ,ΌςΧ°
380,30076,"['»³Θα', '»³Θα']",3Κ2Μό1³ψ2Ξΐ,ΈίΒ¥²γ ,126.35,Ζ½²γ,ΖδΛϋ
395,33932,"['»³Θα', '»³Θα']",3Κ2Μό1³ψ2Ξΐ,ΦΠΒ¥²γ ,116.41,Ζ½²γ,Ύ«Χ°
260,23388,"['»³Θα', '»³Θα']",3Κ2Μό1³ψ1Ξΐ,µΝΒ¥²γ ,111.17,Ζ½²γ,Ύ«Χ°
450,26636,"['»³Θα', '»³Θα']",4Κ2Μό1³ψ2Ξΐ,¶¥²γ ,168.95,Έ΄Κ½,ΌςΧ°
900,27329,"['»³Θα', '»³Θα']",6Κ3Μό1³ψ3Ξΐ,µΧ²γ ,329.33,Έ΄Κ½,Ύ«Χ°
325,25018,"['»³Θα', '»³Θα']",3Κ2Μό1³ψ1Ξΐ,¶¥²γ ,129.91,Έ΄Κ½,ΌςΧ°
560,22907,"['»³Θα', '»³Θα']",4Κ2Μό1³ψ3Ξΐ,µΧ²γ ,244.47,Έ΄Κ½,ΌςΧ°
450,32730,"['»³Θα', '»³Θα']",3Κ1Μό1³ψ1Ξΐ,ΦΠΒ¥²γ ,137.49,Ζ½²γ,Ύ«Χ°
360,30278,"['»³Θα', '»³Θα']",3Κ2Μό1³ψ2Ξΐ,ΦΠΒ¥²γ ,118.9,Ζ½²γ,Ύ«Χ°
710,45774,"['»³Θα', '»³Θα']",4Κ2Μό1³ψ2Ξΐ,µΝΒ¥²γ ,155.11,Ζ½²γ,Ύ«Χ°
456,24874,"['»³Θα', '»³Θα']",4Κ3Μό1³ψ3Ξΐ,¶¥²γ ,183.33,Έ΄Κ½,ΌςΧ°
700,25104,"['»³Θα', '»³Θα']",4Κ2Μό1³ψ3Ξΐ,µΧ²γ ,278.85,Έ΄Κ½,ΌςΧ°
470,34733,"['»³Θα', '»³Θα']",3Κ1Μό1³ψ2Ξΐ,ΦΠΒ¥²γ ,135.32,Ζ½²γ,Ύ«Χ°
550,41094,"['»³Θα', '»³Θα']",3Κ2Μό1³ψ2Ξΐ,ΦΠΒ¥²γ ,133.84,Ζ½²γ,Ύ«Χ°
490,38507,"['»³Θα', '»³Θα']",3Κ2Μό1³ψ2Ξΐ,ΦΠΒ¥²γ ,127.25,Ζ½²γ,ΖδΛϋ
530,41651,"['»³Θα', '»³Θα']",3Κ2Μό1³ψ2Ξΐ,ΈίΒ¥²γ ,127.25,Ζ½²γ,Ύ«Χ°
499,38447,"['»³Θα', '»³Θα']",3Κ2Μό1³ψ2Ξΐ,ΦΠΒ¥²γ ,129.79,Ζ½²γ,Ύ«Χ°
1800,60857,"['»³Θα', '»³Θα']",5Κ3Μό1³ψ2Ξΐ,¶¥²γ ,295.78,Έ΄Κ½,Ύ«Χ°
438,32368,"['»³Θα', '»³Θα']",3Κ2Μό1³ψ2Ξΐ,ΦΠΒ¥²γ ,135.32,Ζ½²γ,Ύ«Χ°
1029,62413,"['»³Θα', '»³Θα']",5Κ4Μό1³ψ3Ξΐ,µΧ²γ ,164.87,Έ΄Κ½,Ύ«Χ°
245,29730,"['»³Θα', '»³Θα']",3Κ1Μό1³ψ1Ξΐ,ΈίΒ¥²γ ,82.41,Ζ½²γ,Ύ«Χ°
1250,64357,"['»³Θα', '»³Θα']",5Κ2Μό2³ψ4Ξΐ,µΧ²γ ,194.23,Έ΄Κ½,ΖδΛϋ
360,23181,"['»³Θα', '»³Θα']",3Κ3Μό1³ψ2Ξΐ,¶¥²γ ,155.3,Έ΄Κ½,ΖδΛϋ
660,28818,"['»³Θα', '»³Θα']",4Κ2Μό1³ψ3Ξΐ,µΧ²γ ,229.03,Έ΄Κ½,ΖδΛϋ
298,24549,"['»³Θα', '»³Θα']",3Κ2Μό1³ψ2Ξΐ,ΦΠΒ¥²γ ,121.39,Ζ½²γ,ΌςΧ°
310,30770,"['»³Θα', '»³Θα']",3Κ2Μό1³ψ1Ξΐ,¶¥²γ ,100.75,Ζ½²γ,ΖδΛϋ
610,30199,"['»³Θα', '»³Θα']",5Κ2Μό1³ψ3Ξΐ,µΧ²γ ,202.0,Έ΄Κ½,Ύ«Χ°
380,31026,"['»³Θα', '»³Θα']",3Κ2Μό1³ψ2Ξΐ,ΦΠΒ¥²γ ,122.48,Ζ½²γ,ΌςΧ°
399,20077,"['»³Θα', '»³Θα']",4Κ2Μό1³ψ2Ξΐ,¶¥²γ ,198.74,Έ΄Κ½,Ύ«Χ°
482,37897,"['»³Θα', '»³Θα']",3Κ2Μό1³ψ2Ξΐ,ΦΠΒ¥²γ ,127.19,Ζ½²γ,ΌςΧ°
310,24793,"['»³Θα', '»³Θα']",3Κ2Μό1³ψ1Ξΐ,¶¥²γ ,125.04,Έ΄Κ½,ΖδΛϋ
900,30907,"['»³Θα', '»³Θα']",4Κ2Μό1³ψ3Ξΐ,µΧ²γ ,291.2,Έ΄Κ½,ΖδΛϋ
700,42840,"['»³Θα', '»³Θα']",4Κ1Μό1³ψ3Ξΐ,µΧ²γ ,163.4,Έ΄Κ½,Ύ«Χ°
480,33315,"['»³Θα', '»³Θα']",3Κ2Μό1³ψ2Ξΐ,µΝΒ¥²γ ,144.08,Ζ½²γ,Ύ«Χ°
980,30876,"['»³Θα', '»³Θα']",6Κ2Μό1³ψ5Ξΐ,µΧ²γ ,317.4,Έ΄Κ½,ΖδΛϋ
718,24655,"['»³Θα', '»³Θα']",5Κ2Μό1³ψ3Ξΐ,µΧ²γ ,291.23,Έ΄Κ½,Ύ«Χ°
699,28924,"['»³Θα', '»³Θα']",4Κ2Μό1³ψ4Ξΐ,µΧ²γ ,241.67,Έ΄Κ½,Ύ«Χ°
172,22635,"['»³Θα', '»³Θα']",2Κ1Μό1³ψ1Ξΐ,¶¥²γ ,75.99,Έ΄Κ½,Ύ«Χ°
350,42574,"['»³Θα', '»³Θα']",3Κ1Μό1³ψ1Ξΐ,¶¥²γ ,82.21,Ζ½²γ,Ύ«Χ°
540,38298,"['»³Θα', '»³Θα']",3Κ2Μό1³ψ2Ξΐ,ΦΠΒ¥²γ ,141.0,Ζ½²γ,ΌςΧ°
4300,64391,"['»³Θα', '»³Θα']",13Κ4Μό1³ψ12Ξΐ,µΧ²γ ,667.8,Έ΄Κ½,ΖδΛϋ
280,26076,"['»³Θα', '»³Θα']",3Κ2Μό1³ψ2Ξΐ,¶¥²γ ,107.38,Έ΄Κ½,ΖδΛϋ
880,29799,"['»³Θα', '»³Θα']",4Κ2Μό1³ψ3Ξΐ,µΧ²γ ,295.32,Έ΄Κ½,ΖδΛϋ
560,31131,"['»³Θα', '»³Θα']",4Κ2Μό1³ψ2Ξΐ,¶¥²γ ,179.89,Ζ½²γ,Ύ«Χ°
460,28977,"['»³Θα', '»³Θα']",3Κ4Μό1³ψ2Ξΐ,¶¥²γ ,158.75,Έ΄Κ½,Ύ«Χ°
730,24407,"['»³Θα', '»³Θα']",6Κ2Μό1³ψ3Ξΐ,µΧ²γ ,299.1,Έ΄Κ½,ΖδΛϋ
370,24781,"['»³Θα', '»³Θα']",3Κ2Μό1³ψ2Ξΐ,ΈίΒ¥²γ ,149.31,Ζ½²γ,Ύ«Χ°
735,36406,"['»³Θα', '»³Θα']",4Κ3Μό1³ψ3Ξΐ,µΧ²γ ,201.89,Έ΄Κ½,Ύ«Χ°
400,32447,"['»³Θα', '»³Θα']",3Κ2Μό1³ψ1Ξΐ,µΧ²γ ,123.28,Ζ½²γ,ΖδΛϋ
270,26240,"['»³Θα', '»³Θα']",3Κ2Μό1³ψ1Ξΐ,ΈίΒ¥²γ ,102.9,Ζ½²γ,ΖδΛϋ
870,42156,"['»³Θα', '»³Θα']",5Κ2Μό1³ψ3Ξΐ,µΧ²γ ,206.38,Έ΄Κ½,Ύ«Χ°
270,24890,"['»³Θα', '»³Θα']",3Κ2Μό1³ψ2Ξΐ,¶¥²γ ,108.48,Ζ½²γ,ΖδΛϋ
420,32805,"['»³Θα', '»³Θα']",3Κ2Μό1³ψ2Ξΐ,µΧ²γ ,128.03,Ζ½²γ,Ύ«Χ°
455,33852,"['»³Θα', '»³Θα']",3Κ2Μό1³ψ2Ξΐ,µΧ²γ ,134.41,Ζ½²γ,Ύ«Χ°
720,35291,"['»³Θα', '»³Θα']",4Κ2Μό1³ψ2Ξΐ,µΧ²γ ,204.02,Έ΄Κ½,Ύ«Χ°
360,30066,"['»³Θα', '»³Θα']",3Κ2Μό1³ψ2Ξΐ,µΧ²γ ,119.74,Ζ½²γ,Ύ«Χ°
535,27422,"['»³Θα', '»³Θα']",4Κ2Μό1³ψ2Ξΐ,µΧ²γ ,195.1,Ζ½²γ,ΖδΛϋ
398,29315,"['»³Θα', '»³Θα']",3Κ1Μό1³ψ2Ξΐ,µΧ²γ ,135.77,Ζ½²γ,ΌςΧ°
780,32688,"['»³Θα', '»³Θα']",4Κ2Μό1³ψ3Ξΐ,ΦΠΒ¥²γ ,238.62,Έ΄Κ½,ΖδΛϋ
215,19598,"['»³Θα', '»³Θα']",3Κ2Μό1³ψ1Ξΐ,¶¥²γ ,109.71,Έ΄Κ½,ΌςΧ°
238,22027,"['»³Θα', '»³Θα']",3Κ2Μό1³ψ1Ξΐ,¶¥²γ ,108.05,Ζ½²γ,ΖδΛϋ
323,28446,"['»³Θα', '»³Θα']",3Κ2Μό1³ψ2Ξΐ,¶¥²γ ,113.55,Ζ½²γ,ΌςΧ°
310,25935,"['»³Θα', '»³Θα']",3Κ2Μό1³ψ2Ξΐ,¶¥²γ ,119.53,Ζ½²γ,ΌςΧ°
316,26935,"['»³Θα', '»³Θα']",4Κ2Μό1³ψ1Ξΐ,ΈίΒ¥²γ ,117.32,Ζ½²γ,Ύ«Χ°
410,26933,"['»³Θα', '»³Θα']",4Κ2Μό1³ψ3Ξΐ,¶¥²γ ,152.23,Ζ½²γ,ΖδΛϋ
880,26062,"['»³Θα', '»³Θα']",5Κ3Μό1³ψ3Ξΐ,µΨΟΒΚ ,337.66,Έ΄Κ½,ΖδΛϋ
998,30732,"['»³Θα', '»³Θα']",4Κ3Μό1³ψ4Ξΐ,µΧ²γ ,324.75,Έ΄Κ½,ΖδΛϋ
360,26969,"['»³Θα', '»³Θα']",3Κ1Μό1³ψ2Ξΐ,µΝΒ¥²γ ,133.49,Ζ½²γ,ΌςΧ°
295,29474,"['»³Θα', '»³Θα']",3Κ2Μό1³ψ1Ξΐ,ΦΠΒ¥²γ ,100.09,Ζ½²γ,ΌςΧ°
599,23543,"['»³Θα', '»³Θα']",5Κ4Μό1³ψ3Ξΐ,µΧ²γ ,254.43,Έ΄Κ½,Ύ«Χ°
335,26002,"['»³Θα', '»³Θα']",3Κ1Μό1³ψ1Ξΐ,ΦΠΒ¥²γ ,128.84,Ζ½²γ,ΌςΧ°
255,25045,"['»³Θα', '»³Θα']",3Κ2Μό1³ψ1Ξΐ,ΈίΒ¥²γ ,101.82,Ζ½²γ,Ύ«Χ°
333,28636,"['»³Θα', '»³Θα']",3Κ2Μό1³ψ2Ξΐ,ΦΠΒ¥²γ ,116.29,Ζ½²γ,Ύ«Χ°
520,30770,"['»³Θα', '»³Θα']",4Κ2Μό1³ψ2Ξΐ,ΈίΒ¥²γ ,169.0,Έ΄Κ½,Ύ«Χ°
550,35553,"['»³Θα', '»³Θα']",6Κ2Μό1³ψ3Ξΐ,ΈίΒ¥²γ ,154.7,Έ΄Κ½,Ύ«Χ°
266,28498,"['»³Θα', '»³Θα']",3Κ2Μό1³ψ2Ξΐ,¶¥²γ ,93.34,Έ΄Κ½,ΌςΧ°
599,25014,"['»³Θα', '»³Θα']",6Κ3Μό1³ψ3Ξΐ,¶¥²γ ,239.47,Έ΄Κ½,ΖδΛϋ
498,35722,"['»³Θα', '»³Θα']",3Κ2Μό1³ψ2Ξΐ,ΦΠΒ¥²γ ,139.41,Ζ½²γ,Ύ«Χ°
245,22289,"['»³Θα', '»³Θα']",3Κ2Μό1³ψ2Ξΐ,¶¥²γ ,109.92,Έ΄Κ½,Ύ«Χ°
370,26762,"['»³Θα', '»³Θα']",3Κ2Μό1³ψ2Ξΐ,µΝΒ¥²γ ,138.26,Ζ½²γ,ΌςΧ°
340,26390,"['»³Θα', '»³Θα']",3Κ2Μό1³ψ2Ξΐ,ΈίΒ¥²γ ,128.84,Ζ½²γ,ΌςΧ°
335,37489,"['»³Θα', '»³Θα']",3Κ2Μό1³ψ2Ξΐ,¶¥²γ ,89.36,Έ΄Κ½,Ύ«Χ°
780,24623,"['»³Θα', '»³Θα']",4Κ1Μό1³ψ4Ξΐ,µΧ²γ ,316.78,Έ΄Κ½,Γ«Εχ
1000,23457,"['»³Θα', '»³Θα']",5Κ3Μό1³ψ3Ξΐ,µΧ²γ ,426.33,Έ΄Κ½,Γ«Εχ
555,30903,"['»³Θα', '»³Θα']",5Κ2Μό1³ψ3Ξΐ,¶¥²γ ,179.6,Έ΄Κ½,ΖδΛϋ
380,28155,"['»³Θα', '»³Θα']",3Κ2Μό1³ψ2Ξΐ,ΦΠΒ¥²γ ,134.97,Ζ½²γ,Ύ«Χ°
500,31045,"['»³Θα', '»³Θα']",5Κ2Μό1³ψ2Ξΐ,ΈίΒ¥²γ ,161.06,Έ΄Κ½,Ύ«Χ°
277,25068,"['»³Θα', '»³Θα']",3Κ2Μό1³ψ2Ξΐ,¶¥²γ ,110.5,Ζ½²γ,ΌςΧ°
348,29701,"['»³Θα', '»³Θα']",3Κ2Μό1³ψ2Ξΐ,ΦΠΒ¥²γ ,117.17,Έ΄Κ½,ΖδΛϋ
1950,72443,"['»³Θα', '»³Θα']",6Κ3Μό1³ψ4Ξΐ,µΧ²γ ,269.18,Έ΄Κ½,Ύ«Χ°
459,27061,"['»³Θα', '»³Θα']",5Κ2Μό1³ψ2Ξΐ,ΦΠΒ¥²γ ,169.62,Έ΄Κ½,Ύ«Χ°
820,28343,"['»³Θα', '»³Θα']",5Κ2Μό1³ψ3Ξΐ,µΧ²γ ,289.32,Έ΄Κ½,Ύ«Χ°
1010,29195,"['»³Θα', '»³Θα']",5Κ2Μό1³ψ3Ξΐ,µΧ²γ ,345.96,Έ΄Κ½,Γ«Εχ
440,26858,"['»³Θα', '»³Θα']",3Κ2Μό1³ψ1Ξΐ,µΧ²γ ,163.83,Ζ½²γ,ΖδΛϋ
1060,35816,"['»³Θα', '»³Θα']",5Κ3Μό1³ψ3Ξΐ,µΧ²γ ,295.96,Έ΄Κ½,ΖδΛϋ
239,21499,"['»³Θα', '»³Θα']",3Κ1Μό1³ψ1Ξΐ,¶¥²γ ,111.17,Ζ½²γ,ΌςΧ°
880,51635,"['»³Θα', '»³Θα']",4Κ2Μό1³ψ3Ξΐ,µΧ²γ ,170.43,Έ΄Κ½,ΖδΛϋ
1380,51267,"['»³Θα', '»³Θα']",5Κ2Μό1³ψ3Ξΐ,µΧ²γ ,269.18,Έ΄Κ½,ΖδΛϋ
350,29745,"['»³Θα', '»³Θα']",3Κ2Μό1³ψ1Ξΐ,µΧ²γ ,117.67,Ζ½²γ,ΖδΛϋ
1150,58966,"['»³Θα', '»³Θα']",5Κ2Μό1³ψ2Ξΐ,µΧ²γ ,195.03,Έ΄Κ½,ΖδΛϋ
460,34224,"['»³Θα', '»³Θα']",3Κ2Μό1³ψ2Ξΐ,¶¥²γ ,134.41,Ζ½²γ,ΖδΛϋ
135,27428,"['»³Θα', '»³Θα']",1Κ1Μό1³ψ1Ξΐ,¶¥²γ ,49.22,Ζ½²γ,ΖδΛϋ
198,32891,"['»³Θα', '»³Θα']",1Κ1Μό1³ψ1Ξΐ,ΦΠΒ¥²γ ,60.2,Ζ½²γ,ΖδΛϋ
195,22891,"['»³Θα', '»³Θα']",3Κ1Μό1³ψ1Ξΐ,¶¥²γ ,85.19,Ζ½²γ,ΌςΧ°
260,25207,"['»³Θα', '»³Θα']",3Κ1Μό1³ψ1Ξΐ,¶¥²γ ,103.15,Ζ½²γ,ΌςΧ°
188,23176,"['»³Θα', '»³Θα']",2Κ1Μό1³ψ1Ξΐ,¶¥²γ ,81.12,Ζ½²γ,ΌςΧ°
200,25189,"['»³Θα', '»³Θα']",3Κ1Μό1³ψ1Ξΐ,¶¥²γ ,79.4,Ζ½²γ,ΖδΛϋ
269,26954,"['»³Θα', '»³Θα']",3Κ2Μό1³ψ1Ξΐ,¶¥²γ ,99.8,Ζ½²γ,ΖδΛϋ
205,26978,"['»³Θα', '»³Θα']",2Κ1Μό1³ψ1Ξΐ,µΝΒ¥²γ ,75.99,Ζ½²γ,ΖδΛϋ
176,23306,"['»³Θα', '»³Θα']",3Κ1Μό1³ψ1Ξΐ,µΝΒ¥²γ ,75.52,Ζ½²γ,ΌςΧ°
255,23967,"['»³Θα', '»³Θα']",3Κ1Μό1³ψ1Ξΐ,ΦΠΒ¥²γ ,106.4,Ζ½²γ,ΌςΧ°
275,31368,"['»³Θα', '»³Θα']",3Κ2Μό1³ψ1Ξΐ,¶¥²γ ,87.67,Ζ½²γ,ΌςΧ°
170,21079,"['»³Θα', '»³Θα']",3Κ1Μό1³ψ1Ξΐ,¶¥²γ ,80.65,Ζ½²γ,ΖδΛϋ
178,25779,"['»³Θα', '»³Θα']",2Κ1Μό1³ψ1Ξΐ,ΦΠΒ¥²γ ,69.05,Ζ½²γ,ΖδΛϋ
278,26504,"['»³Θα', '»³Θα']",3Κ2Μό1³ψ1Ξΐ,ΦΠΒ¥²γ ,104.89,Ζ½²γ,ΌςΧ°
240,30782,"['»³Θα', '»³Θα']",3Κ1Μό1³ψ1Ξΐ,µΝΒ¥²γ ,77.97,Ζ½²γ,ΌςΧ°
188,32611,"['»³Θα', '»³Θα']",2Κ1Μό0³ψ0Ξΐ,µΧ²γ ,57.65,Ζ½²γ,ΖδΛϋ
188,22196,"['»³Θα', '»³Θα']",2Κ1Μό1³ψ1Ξΐ,ΦΠΒ¥²γ ,84.7,Ζ½²γ,Ύ«Χ°
205,23167,"['»³Θα', '»³Θα']",2Κ1Μό1³ψ1Ξΐ,¶¥²γ ,88.49,Ζ½²γ,ΌςΧ°
80,14368,"['»³Θα', '»³ΘαΖδΛό']",2Κ1Μό1³ψ1Ξΐ,µΝΒ¥²γ ,55.68,Ζ½²γ,Ύ«Χ°
275,30377,"['»³Θα', '»³Θα']",2Κ1Μό1³ψ1Ξΐ,µΧ²γ ,90.53,Ζ½²γ,Γ«Εχ
193,21794,"['»³Θα', '»³Θα']",2Κ1Μό1³ψ1Ξΐ,ΈίΒ¥²γ ,88.56,Ζ½²γ,ΖδΛϋ
248,28895,"['»³Θα', '»³Θα']",3Κ1Μό1³ψ1Ξΐ,µΝΒ¥²γ ,85.83,Ζ½²γ,ΌςΧ°
154,21283,"['»³Θα', '»³Θα']",3Κ1Μό1³ψ1Ξΐ,¶¥²γ ,72.36,Ζ½²γ,ΖδΛϋ
163,28906,"['»³Θα', '»³Θα']",2Κ1Μό1³ψ1Ξΐ,ΦΠΒ¥²γ ,56.39,Ζ½²γ,ΖδΛϋ
229,25567,"['»³Θα', '»³Θα']",2Κ1Μό1³ψ1Ξΐ,ΦΠΒ¥²γ ,89.57,Ζ½²γ,ΌςΧ°
220,26144,"['»³Θα', '»³Θα']",2Κ1Μό1³ψ2Ξΐ,ΦΠΒ¥²γ ,84.15,Ζ½²γ,ΌςΧ°
268,29036,"['»³Θα', '»³Θα']",3Κ1Μό1³ψ1Ξΐ,ΈίΒ¥²γ ,92.3,Ζ½²γ,ΖδΛϋ
230,24347,"['»³Θα', '»³Θα']",2Κ1Μό1³ψ1Ξΐ,¶¥²γ ,94.47,Ζ½²γ,ΖδΛϋ
205,21046,"['»³Θα', '»³Θα']",2Κ2Μό1³ψ1Ξΐ,ΈίΒ¥²γ ,97.41,Ζ½²γ,ΖδΛϋ
140,22516,"['»³Θα', '»³Θα']",2Κ1Μό1³ψ1Ξΐ,ΦΠΒ¥²γ ,62.18,Ζ½²γ,ΌςΧ°
152,26399,"['»³Θα', '»³Θα']",1Κ1Μό1³ψ1Ξΐ,ΦΠΒ¥²γ ,57.58,Ζ½²γ,ΖδΛϋ
265,32556,"['»³Θα', '»³Θα']",2Κ1Μό1³ψ1Ξΐ,ΦΠΒ¥²γ ,81.4,Ζ½²γ,ΖδΛϋ
195,32328,"['»³Θα', '»³Θα']",2Κ1Μό1³ψ1Ξΐ,µΝΒ¥²γ ,60.32,Ζ½²γ,ΖδΛϋ
199,20939,"['»³Θα', '»³Θα']",3Κ1Μό1³ψ1Ξΐ,ΦΠΒ¥²γ ,95.04,Ζ½²γ,ΌςΧ°
230,22385,"['»³Θα', '»³Θα']",3Κ2Μό1³ψ2Ξΐ,¶¥²γ ,102.75,Ζ½²γ,ΖδΛϋ
170,26993,"['»³Θα', '»³Θα']",2Κ1Μό1³ψ1Ξΐ,¶¥²γ ,62.98,Ζ½²γ,ΖδΛϋ
218,29540,"['»³Θα', '»³Θα']",2Κ2Μό1³ψ1Ξΐ,ΦΠΒ¥²γ ,73.8,Ζ½²γ,ΖδΛϋ
290,26082,"['»³Θα', '»³Θα']",3Κ1Μό1³ψ2Ξΐ,¶¥²γ ,111.19,Ζ½²γ,ΌςΧ°
258,28509,"['»³Θα', '»³Θα']",3Κ1Μό1³ψ1Ξΐ,ΦΠΒ¥²γ ,90.5,Ζ½²γ,ΌςΧ°
228,21667,"['»³Θα', '»³Θα']",3Κ1Μό1³ψ1Ξΐ,ΦΠΒ¥²γ ,105.23,Ζ½²γ,ΌςΧ°
270,30430,"['»³Θα', '»³Θα']",3Κ1Μό1³ψ1Ξΐ,ΈίΒ¥²γ ,88.73,Ζ½²γ,ΌςΧ°
235,26684,"['»³Θα', '»³Θα']",2Κ1Μό1³ψ1Ξΐ,ΈίΒ¥²γ ,88.07,Ζ½²γ,ΖδΛϋ
260,29152,"['»³Θα', '»³Θα']",3Κ1Μό1³ψ1Ξΐ,µΝΒ¥²γ ,89.19,Ζ½²γ,ΌςΧ°
310,37175,"['»³Θα', '»³Θα']",2Κ1Μό1³ψ1Ξΐ,¶¥²γ ,83.39,Ζ½²γ,ΌςΧ°
140,18112,"['»³Θα', '»³ΘαΖδΛό']",3Κ1Μό1³ψ1Ξΐ,µΧ²γ ,77.3,Ζ½²γ,Ύ«Χ°
190,28359,"['»³Θα', '»³Θα']",2Κ1Μό1³ψ1Ξΐ,µΧ²γ ,67.0,Ζ½²γ,ΌςΧ°
205,25565,"['»³Θα', '»³Θα']",3Κ1Μό1³ψ1Ξΐ,¶¥²γ ,80.19,Ζ½²γ,ΖδΛϋ
160,19482,"['»³Θα', '»³Θα']",3Κ1Μό1³ψ1Ξΐ,µΝΒ¥²γ ,82.13,Ζ½²γ,ΖδΛϋ
140,25221,"['»³Θα', '»³Θα']",2Κ1Μό1³ψ1Ξΐ,ΦΠΒ¥²γ ,55.51,Ζ½²γ,ΖδΛϋ
165,23800,"['»³Θα', '»³Θα']",2Κ1Μό1³ψ1Ξΐ,¶¥²γ ,69.33,Ζ½²γ,Ύ«Χ°
198,27146,"['»³Θα', '»³Θα']",3Κ1Μό1³ψ1Ξΐ,ΈίΒ¥²γ ,72.94,Ζ½²γ,Ύ«Χ°
239,28531,"['»³Θα', '»³Θα']",3Κ1Μό1³ψ1Ξΐ,ΦΠΒ¥²γ ,83.77,Ζ½²γ,ΌςΧ°
189,22155,"['»³Θα', '»³Θα']",2Κ1Μό1³ψ1Ξΐ,ΈίΒ¥²γ ,85.31,Ζ½²γ,ΌςΧ°
210,22518,"['»³Θα', '»³Θα']",3Κ2Μό1³ψ1Ξΐ,ΦΠΒ¥²γ ,93.26,Ζ½²γ,ΌςΧ°
236,26337,"['»³Θα', '»³Θα']",2Κ1Μό1³ψ2Ξΐ,ΈίΒ¥²γ ,89.61,Ζ½²γ,ΖδΛϋ
218,24542,"['»³Θα', '»³Θα']",3Κ2Μό1³ψ2Ξΐ,¶¥²γ ,88.83,Έ΄Κ½,Ύ«Χ°
213,24622,"['»³Θα', '»³Θα']",2Κ1Μό1³ψ1Ξΐ,ΦΠΒ¥²γ ,86.51,Ζ½²γ,Ύ«Χ°
245,28204,"['»³Θα', '»³Θα']",3Κ1Μό1³ψ1Ξΐ,ΦΠΒ¥²γ ,86.87,Ζ½²γ,ΖδΛϋ
149,20552,"['»³Θα', '»³Θα']",2Κ1Μό1³ψ1Ξΐ,ΈίΒ¥²γ ,72.5,Ζ½²γ,ΌςΧ°
206,22933,"['»³Θα', '»³Θα']",2Κ1Μό1³ψ1Ξΐ,ΈίΒ¥²γ ,89.83,Ζ½²γ,ΖδΛϋ
300,33644,"['»³Θα', '»³Θα']",4Κ2Μό1³ψ2Ξΐ,¶¥²γ ,89.17,Έ΄Κ½,Ύ«Χ°
320,26968,"['»³Θα', '»³Θα']",3Κ2Μό1³ψ2Ξΐ,ΈίΒ¥²γ ,118.66,Ζ½²γ,ΖδΛϋ
380,36490,"['»³Θα', '»³Θα']",2Κ2Μό1³ψ1Ξΐ,µΧ²γ ,104.14,Ζ½²γ,Ύ«Χ°
189,31464,"['»³Θα', '»³Θα']",2Κ1Μό1³ψ1Ξΐ,ΦΠΒ¥²γ ,60.07,Ζ½²γ,ΌςΧ°
185,24295,"['»³Θα', '»³Θα']",2Κ1Μό1³ψ1Ξΐ,¶¥²γ ,76.15,Έ΄Κ½,ΖδΛϋ
215,16128,"['»³Θα', '»³Θα']",3Κ2Μό1³ψ2Ξΐ,ΈίΒ¥²γ ,133.31,Ζ½²γ,ΌςΧ°
246,33552,"['»³Θα', '»³Θα']",2Κ1Μό1³ψ1Ξΐ,µΝΒ¥²γ ,73.32,Ζ½²γ,ΌςΧ°
185,23943,"['»³Θα', '»³Θα']",3Κ1Μό1³ψ1Ξΐ,¶¥²γ ,77.27,Ζ½²γ,ΌςΧ°
190,31011,"['»³Θα', '»³Θα']",2Κ1Μό1³ψ1Ξΐ,ΦΠΒ¥²γ ,61.27,Ζ½²γ,ΖδΛϋ
363,43567,"['»³Θα', '»³Θα']",2Κ1Μό1³ψ1Ξΐ,ΦΠΒ¥²γ ,83.32,Ζ½²γ,ΖδΛϋ
363,40040,"['»³Θα', '»³Θα']",2Κ1Μό1³ψ1Ξΐ,ΦΠΒ¥²γ ,90.66,Ζ½²γ,ΖδΛϋ
155,24988,"['»³Θα', '»³Θα']",2Κ1Μό1³ψ1Ξΐ,ΦΠΒ¥²γ ,62.03,Ζ½²γ,ΖδΛϋ
336,27375,"['»³Θα', '»³Θα']",3Κ2Μό1³ψ2Ξΐ,ΦΠΒ¥²γ ,122.74,Ζ½²γ,ΌςΧ°
530,37025,"['»³Θα', '»³Θα']",3Κ2Μό1³ψ2Ξΐ,µΧ²γ ,143.15,Ζ½²γ,ΖδΛϋ
259,28347,"['»³Θα', '»³Θα']",3Κ2Μό1³ψ1Ξΐ,µΝΒ¥²γ ,91.37,Ζ½²γ,ΌςΧ°
180,23404,"['»³Θα', '»³Θα']",2Κ1Μό1³ψ1Ξΐ,ΦΠΒ¥²γ ,76.91,Ζ½²γ,ΌςΧ°
198,27120,"['»³Θα', '»³Θα']",3Κ1Μό1³ψ1Ξΐ,¶¥²γ ,73.01,Ζ½²γ,Ύ«Χ°
215,29328,"['»³Θα', '»³Θα']",3Κ1Μό1³ψ1Ξΐ,ΈίΒ¥²γ ,73.31,Ζ½²γ,ΌςΧ°
130,19567,"['»³Θα', '»³Θα']",2Κ1Μό1³ψ1Ξΐ,¶¥²γ ,66.44,Έ΄Κ½,ΌςΧ°
160,22069,"['»³Θα', '»³Θα']",2Κ1Μό1³ψ1Ξΐ,µΝΒ¥²γ ,72.5,Ζ½²γ,Ύ«Χ°
188,29500,"['»³Θα', '»³Θα']",2Κ1Μό1³ψ1Ξΐ,ΦΠΒ¥²γ ,63.73,Ζ½²γ,ΌςΧ°
199,19343,"['»³Θα', '»³Θα']",2Κ2Μό1³ψ1Ξΐ,¶¥²γ ,102.88,Ζ½²γ,ΖδΛϋ
190,31056,"['»³Θα', '»³Θα']",2Κ1Μό1³ψ1Ξΐ,ΦΠΒ¥²γ ,61.18,Ζ½²γ,ΖδΛϋ
435,34974,"['»³Θα', '»³Θα']",3Κ2Μό1³ψ2Ξΐ,¶¥²γ ,124.38,Ζ½²γ,ΖδΛϋ
178,25906,"['»³Θα', '»³Θα']",2Κ1Μό1³ψ1Ξΐ,ΦΠΒ¥²γ ,68.71,Ζ½²γ,Ύ«Χ°
245,23810,"['»³Θα', '»³Θα']",3Κ2Μό1³ψ1Ξΐ,µΝΒ¥²γ ,102.9,Ζ½²γ,ΌςΧ°
148,29089,"['»³Θα', '»³Θα']",1Κ1Μό1³ψ1Ξΐ,µΝΒ¥²γ ,50.88,Ζ½²γ,Ύ«Χ°
135,20353,"['»³Θα', '»³Θα']",2Κ1Μό1³ψ1Ξΐ,¶¥²γ ,66.33,Ζ½²γ,ΌςΧ°
209,22615,"['»³Θα', '»³Θα']",2Κ2Μό1³ψ1Ξΐ,µΝΒ¥²γ ,92.42,Ζ½²γ,ΌςΧ°
295,30897,"['»³Θα', '»³Θα']",3Κ2Μό1³ψ1Ξΐ,ΦΠΒ¥²γ ,95.48,Ζ½²γ,ΌςΧ°
145,25091,"['»³Θα', '»³Θα']",1Κ1Μό1³ψ1Ξΐ,µΧ²γ ,57.79,Ζ½²γ,ΖδΛϋ
215,29717,"['»³Θα', '»³Θα']",3Κ1Μό1³ψ1Ξΐ,ΦΠΒ¥²γ ,72.35,Ζ½²γ,ΌςΧ°
385,32906,"['»³Θα', '»³Θα']",3Κ2Μό1³ψ2Ξΐ,ΦΠΒ¥²γ ,117.0,Ζ½²γ,ΌςΧ°
230,27194,"['»³Θα', '»³Θα']",3Κ1Μό1³ψ1Ξΐ,ΦΠΒ¥²γ ,84.58,Ζ½²γ,Ύ«Χ°
251,33210,"['»³Θα', '»³Θα']",2Κ1Μό1³ψ1Ξΐ,ΈίΒ¥²γ ,75.58,Ζ½²γ,ΖδΛϋ
165,29349,"['»³Θα', '»³Θα']",2Κ1Μό1³ψ1Ξΐ,ΦΠΒ¥²γ ,56.22,Ζ½²γ,ΖδΛϋ
235,24698,"['»³Θα', '»³Θα']",2Κ2Μό1³ψ1Ξΐ,¶¥²γ ,95.15,Ζ½²γ,Ύ«Χ°
240,26267,"['»³Θα', '»³Θα']",3Κ2Μό1³ψ1Ξΐ,¶¥²γ ,91.37,Ζ½²γ,ΌςΧ°
210,21780,"['»³Θα', '»³Θα']",3Κ2Μό1³ψ1Ξΐ,¶¥²γ ,96.42,Ζ½²γ,ΖδΛϋ
310,34989,"['»³Θα', '»³Θα']",2Κ1Μό1³ψ1Ξΐ,ΦΠΒ¥²γ ,88.6,Ζ½²γ,Ύ«Χ°
146,25615,"['»³Θα', '»³Θα']",2Κ1Μό1³ψ1Ξΐ,¶¥²γ ,57.0,Ζ½²γ,ΖδΛϋ
160,19482,"['»³Θα', '»³Θα']",3Κ1Μό1³ψ1Ξΐ,µΝΒ¥²γ ,82.13,Ζ½²γ,ΌςΧ°
325,27726,"['»³Θα', '»³Θα']",3Κ2Μό1³ψ2Ξΐ,µΧ²γ ,117.22,Ζ½²γ,ΌςΧ°
275,23675,"['»³Θα', '»³Θα']",3Κ1Μό1³ψ2Ξΐ,ΦΠΒ¥²γ ,116.16,Ζ½²γ,ΖδΛϋ
205,26128,"['»³Θα', '»³Θα']",2Κ1Μό1³ψ1Ξΐ,¶¥²γ ,78.46,Ζ½²γ,ΌςΧ°
245,27156,"['»³Θα', '»³Θα']",3Κ1Μό1³ψ2Ξΐ,¶¥²γ ,90.22,Ζ½²γ,ΖδΛϋ
215,27505,"['»³Θα', '»³Θα']",2Κ1Μό1³ψ1Ξΐ,µΧ²γ ,78.17,Ζ½²γ,Γ«Εχ
225,24430,"['»³Θα', '»³Θα']",2Κ1Μό1³ψ1Ξΐ,¶¥²γ ,92.1,Ζ½²γ,ΖδΛϋ
175,26726,"['»³Θα', '»³Θα']",2Κ1Μό1³ψ1Ξΐ,ΦΠΒ¥²γ ,65.48,Ζ½²γ,ΌςΧ°
260,25568,"['»³Θα', '»³Θα']",3Κ2Μό1³ψ1Ξΐ,¶¥²γ ,101.69,Ζ½²γ,Ύ«Χ°
300,27450,"['»³Θα', '»³Θα']",3Κ1Μό1³ψ1Ξΐ,ΈίΒ¥²γ ,109.29,Ζ½²γ,ΌςΧ°
280,26218,"['»³Θα', '»³Θα']",2Κ2Μό1³ψ2Ξΐ,µΧ²γ ,106.8,Ζ½²γ,Ύ«Χ°
188,25656,"['»³Θα', '»³Θα']",2Κ1Μό1³ψ1Ξΐ,ΈίΒ¥²γ ,73.28,Ζ½²γ,ΖδΛϋ
265,24259,"['»³Θα', '»³Θα']",3Κ1Μό1³ψ2Ξΐ,ΦΠΒ¥²γ ,109.24,Ζ½²γ,Ύ«Χ°
258,36282,"['»³Θα', '»³Θα']",3Κ1Μό1³ψ1Ξΐ,µΧ²γ ,71.11,Ζ½²γ,ΌςΧ°
223,22875,"['»³Θα', '»³Θα']",3Κ2Μό1³ψ2Ξΐ,¶¥²γ ,97.49,Έ΄Κ½,Ύ«Χ°
259,29276,"['»³Θα', '»³Θα']",2Κ1Μό1³ψ1Ξΐ,ΦΠΒ¥²γ ,88.47,Ζ½²γ,ΖδΛϋ
195,27531,"['»³Θα', '»³Θα']",3Κ1Μό1³ψ1Ξΐ,¶¥²γ ,70.83,Ζ½²γ,ΖδΛϋ
269,29893,"['»³Θα', '»³Θα']",2Κ1Μό1³ψ1Ξΐ,ΦΠΒ¥²γ ,89.99,Ζ½²γ,ΖδΛϋ
356,35388,"['»³Θα', '»³Θα']",2Κ2Μό1³ψ1Ξΐ,ΦΠΒ¥²γ ,100.6,Ζ½²γ,ΖδΛϋ
498,37506,"['»³Θα', '»³Θα']",3Κ1Μό1³ψ2Ξΐ,ΦΠΒ¥²γ ,132.78,Ζ½²γ,ΖδΛϋ
184,22815,"['»³Θα', '»³Θα']",3Κ1Μό1³ψ1Ξΐ,ΈίΒ¥²γ ,80.65,Ζ½²γ,ΖδΛϋ
465,38903,"['»³Θα', '»³Θα']",4Κ2Μό1³ψ2Ξΐ,¶¥²γ ,119.53,Έ΄Κ½,ΖδΛϋ
180,18940,"['»³Θα', '»³Θα']",3Κ1Μό1³ψ1Ξΐ,ΈίΒ¥²γ ,95.04,Ζ½²γ,ΖδΛϋ
399,26618,"['»³Θα', '»³Θα']",4Κ2Μό1³ψ2Ξΐ,¶¥²γ ,149.9,Ζ½²γ,ΌςΧ°
395,36014,"['»³Θα', '»³Θα']",3Κ1Μό1³ψ2Ξΐ,µΝΒ¥²γ ,109.68,Ζ½²γ,ΖδΛϋ
139,24028,"['»³Θα', '»³Θα']",1Κ1Μό1³ψ1Ξΐ,ΈίΒ¥²γ ,57.85,Ζ½²γ,ΌςΧ°
520,36142,"['»³Θα', '»³Θα']",4Κ1Μό1³ψ2Ξΐ,ΦΠΒ¥²γ ,143.88,Ζ½²γ,Γ«Εχ
268,30965,"['»³Θα', '»³Θα']",3Κ1Μό1³ψ1Ξΐ,¶¥²γ ,86.55,Ζ½²γ,Ύ«Χ°
245,28469,"['»³Θα', '»³Θα']",3Κ1Μό1³ψ1Ξΐ,¶¥²γ ,86.06,Ζ½²γ,ΌςΧ°
310,26672,"['»³Θα', '»³Θα']",3Κ2Μό1³ψ2Ξΐ,µΧ²γ ,116.23,Ζ½²γ,Ύ«Χ°
500,26191,"['»³Θα', '»³Θα']",3Κ2Μό1³ψ2Ξΐ,ΦΠΒ¥²γ ,190.91,Ζ½²γ,Ύ«Χ°
255,31895,"['»³Θα', '»³Θα']",2Κ1Μό1³ψ1Ξΐ,µΝΒ¥²γ ,79.95,Ζ½²γ,ΌςΧ°
260,26999,"['»³Θα', '»³Θα']",2Κ2Μό1³ψ1Ξΐ,¶¥²γ ,96.3,Ζ½²γ,ΌςΧ°
168,29667,"['»³Θα', '»³Θα']",2Κ1Μό1³ψ1Ξΐ,ΦΠΒ¥²γ ,56.63,Ζ½²γ,ΌςΧ°
270,28425,"['»³Θα', '»³Θα']",2Κ1Μό1³ψ1Ξΐ,µΝΒ¥²γ ,94.99,Ζ½²γ,Ύ«Χ°
310,34848,"['»³Θα', '»³Θα']",2Κ1Μό1³ψ1Ξΐ,µΝΒ¥²γ ,88.96,Ζ½²γ,ΌςΧ°
154,22955,"['»³Θα', '»³Θα']",2Κ1Μό1³ψ1Ξΐ,¶¥²γ ,67.09,Ζ½²γ,ΌςΧ°
270,30675,"['»³Θα', '»³Θα']",2Κ1Μό1³ψ1Ξΐ,µΧ²γ ,88.02,Ζ½²γ,ΌςΧ°
160,28259,"['»³Θα', '»³Θα']",2Κ1Μό1³ψ1Ξΐ,µΝΒ¥²γ ,56.62,Ζ½²γ,Ύ«Χ°
240,29829,"['»³Θα', '»³Θα']",3Κ1Μό1³ψ1Ξΐ,ΈίΒ¥²γ ,80.46,Ζ½²γ,Ύ«Χ°
190,20190,"['»³Θα', '»³Θα']",2Κ1Μό1³ψ1Ξΐ,µΧ²γ ,94.11,Ζ½²γ,ΌςΧ°
209,26054,"['»³Θα', '»³Θα']",3Κ1Μό1³ψ1Ξΐ,ΈίΒ¥²γ ,80.22,Ζ½²γ,ΌςΧ°
270,32301,"['»³Θα', '»³Θα']",2Κ1Μό1³ψ1Ξΐ,¶¥²γ ,83.59,Ζ½²γ,ΌςΧ°
220,29318,"['»³Θα', '»³Θα']",2Κ1Μό1³ψ1Ξΐ,¶¥²γ ,75.04,Ζ½²γ,ΌςΧ°
217,29484,"['»³Θα', '»³Θα']",3Κ1Μό1³ψ1Ξΐ,µΝΒ¥²γ ,73.6,Ζ½²γ,ΌςΧ°
295,29883,"['»³Θα', '»³Θα']",3Κ2Μό1³ψ1Ξΐ,ΦΠΒ¥²γ ,98.72,Ζ½²γ,Ύ«Χ°
170,29463,"['»³Θα', '»³Θα']",2Κ1Μό1³ψ1Ξΐ,¶¥²γ ,57.7,Ζ½²γ,ΌςΧ°
219,30000,"['»³Θα', '»³Θα']",3Κ1Μό1³ψ1Ξΐ,µΧ²γ ,73.0,Ζ½²γ,Ύ«Χ°
215,29824,"['»³Θα', '»³Θα']",3Κ1Μό1³ψ1Ξΐ,ΦΠΒ¥²γ ,72.09,Ζ½²γ,ΌςΧ°
342,40895,"['»³Θα', '»³Θα']",2Κ2Μό1³ψ1Ξΐ,¶¥²γ ,83.63,Ζ½²γ,Ύ«Χ°
430,31553,"['»³Θα', '»³Θα']",3Κ2Μό1³ψ2Ξΐ,ΦΠΒ¥²γ ,136.28,Ζ½²γ,ΌςΧ°
325,36257,"['»³Θα', '»³Θα']",2Κ1Μό1³ψ1Ξΐ,ΦΠΒ¥²γ ,89.64,Ζ½²γ,Ύ«Χ°
248,25018,"['»³Θα', '»³Θα']",3Κ2Μό1³ψ1Ξΐ,ΦΠΒ¥²γ ,99.13,Ζ½²γ,ΌςΧ°
175,17494,"['»³Θα', '»³Θα']",3Κ1Μό1³ψ1Ξΐ,ΈίΒ¥²γ ,100.04,Ζ½²γ,ΌςΧ°
530,37501,"['»³Θα', '»³Θα']",3Κ1Μό1³ψ2Ξΐ,ΈίΒ¥²γ ,141.33,Ζ½²γ,Ύ«Χ°
296,33308,"['»³Θα', '»³Θα']",2Κ1Μό1³ψ1Ξΐ,ΦΠΒ¥²γ ,88.87,Ζ½²γ,Ύ«Χ°
185,22032,"['»³Θα', '»³Θα']",2Κ1Μό1³ψ1Ξΐ,ΦΠΒ¥²γ ,83.97,Ζ½²γ,Ύ«Χ°
160,24130,"['»³Θα', '»³Θα']",2Κ1Μό1³ψ1Ξΐ,ΈίΒ¥²γ ,66.31,Ζ½²γ,ΌςΧ°
278,29062,"['»³Θα', '»³Θα']",3Κ1Μό1³ψ1Ξΐ,ΈίΒ¥²γ ,95.66,Ζ½²γ,ΌςΧ°
270,30932,"['»³Θα', '»³Θα']",3Κ2Μό1³ψ1Ξΐ,µΧ²γ ,87.29,Ζ½²γ,Ύ«Χ°
198,27124,"['»³Θα', '»³Θα']",3Κ1Μό1³ψ1Ξΐ,ΦΠΒ¥²γ ,73.0,Ζ½²γ,ΌςΧ°
220,22151,"['»³Θα', '»³Θα']",3Κ1Μό1³ψ1Ξΐ,¶¥²γ ,99.32,Ζ½²γ,ΌςΧ°
190,27987,"['»³Θα', '»³Θα']",3Κ1Μό1³ψ1Ξΐ,µΝΒ¥²γ ,67.89,Ζ½²γ,ΌςΧ°
230,21454,"['»³Θα', '»³Θα']",3Κ1Μό1³ψ1Ξΐ,¶¥²γ ,107.21,Ζ½²γ,ΌςΧ°
248,28838,"['»³Θα', '»³Θα']",3Κ1Μό1³ψ1Ξΐ,µΧ²γ ,86.0,Ζ½²γ,ΌςΧ°
453,31195,"['»³Θα', '»³Θα']",3Κ2Μό1³ψ2Ξΐ,µΧ²γ ,145.22,Ζ½²γ,ΌςΧ°
138,22440,"['»³Θα', '»³Θα']",2Κ1Μό1³ψ1Ξΐ,ΈίΒ¥²γ ,61.5,Ζ½²γ,Ύ«Χ°
275,30641,"['»³Θα', '»³Θα']",2Κ1Μό1³ψ1Ξΐ,ΦΠΒ¥²γ ,89.75,Ζ½²γ,Ύ«Χ°
160,30740,"['»³Θα', '»³Θα']",1Κ1Μό1³ψ1Ξΐ,ΦΠΒ¥²γ ,52.05,Ζ½²γ,ΌςΧ°
155,27664,"['»³Θα', '»³Θα']",2Κ1Μό1³ψ1Ξΐ,ΦΠΒ¥²γ ,56.03,Ζ½²γ,ΌςΧ°
145,24280,"['»³Θα', '»³Θα']",1Κ1Μό1³ψ1Ξΐ,ΈίΒ¥²γ ,59.72,Ζ½²γ,ΖδΛϋ
1500,25357,"['»³Θα', '»³Θα']",7Κ4Μό1³ψ5Ξΐ,µΧ²γ ,591.57,Έ΄Κ½,Ύ«Χ°
368,29419,"['»³Θα', '»³Θα']",3Κ2Μό1³ψ2Ξΐ,ΦΠΒ¥²γ ,125.09,Ζ½²γ,ΖδΛϋ
335,39543,"['»³Θα', '»³Θα']",2Κ2Μό1³ψ1Ξΐ,¶¥²γ ,84.72,Έ΄Κ½,Ύ«Χ°
1520,27327,"['»³Θα', '»³Θα']",5Κ2Μό1³ψ3Ξΐ,µΧ²γ ,556.23,Έ΄Κ½,Γ«Εχ
310,20763,"['»³Θα', '»³Θα']",3Κ1Μό1³ψ2Ξΐ,¶¥²γ ,149.31,Ζ½²γ,ΌςΧ°
70,12966,"['»³Θα', '»³ΘαΖδΛό']",2Κ1Μό1³ψ1Ξΐ,µΝΒ¥²γ ,53.99,Ζ½²γ,ΌςΧ°
137,23581,"['»³Θα', '»³Θα']",1Κ1Μό1³ψ1Ξΐ,ΦΠΒ¥²γ ,58.1,Ζ½²γ,ΌςΧ°
260,27073,"['»³Θα', '»³Θα']",2Κ1Μό1³ψ1Ξΐ,ΈίΒ¥²γ ,96.04,Ζ½²γ,Ύ«Χ°
238,29628,"['»³Θα', '»³Θα']",2Κ1Μό1³ψ1Ξΐ,ΦΠΒ¥²γ ,80.33,Ζ½²γ,ΌςΧ°
70,11829,"['»³Θα', '»³ΘαΖδΛό']",2Κ1Μό1³ψ1Ξΐ,¶¥²γ ,59.17,Ζ½²γ,ΌςΧ°
133,23179,"['»³Θα', '»³Θα']",1Κ1Μό1³ψ1Ξΐ,¶¥²γ ,57.38,Ζ½²γ,ΖδΛϋ
140,19986,"['»³Θα', '»³Θα']",1Κ1Μό1³ψ1Ξΐ,µΝΒ¥²γ ,70.05,Ζ½²γ,ΖδΛϋ
145,27515,"['»³Θα', '»³Θα']",1Κ1Μό1³ψ1Ξΐ,ΦΠΒ¥²γ ,52.7,Ζ½²γ,Ύ«Χ°
208,25604,"['»³Θα', '»³Θα']",2Κ1Μό1³ψ1Ξΐ,¶¥²γ ,81.24,Ζ½²γ,Ύ«Χ°
268,27587,"['»³Θα', '»³Θα']",2Κ1Μό1³ψ1Ξΐ,µΝΒ¥²γ ,97.15,Ζ½²γ,ΌςΧ°
243,34740,"['»³Θα', '»³Θα']",2Κ1Μό1³ψ1Ξΐ,ΦΠΒ¥²γ ,69.95,Ζ½²γ,Γ«Εχ
118,27021,"['»³Θα', '»³Θα']",1Κ1Μό1³ψ1Ξΐ,ΦΠΒ¥²γ ,43.67,Ζ½²γ,ΌςΧ°
250,27896,"['»³Θα', '»³Θα']",2Κ1Μό1³ψ1Ξΐ,ΦΠΒ¥²γ ,89.62,Ζ½²γ,Ύ«Χ°
349,35339,"['»³Θα', '»³Θα']",3Κ1Μό1³ψ1Ξΐ,ΈίΒ¥²γ ,98.76,Ζ½²γ,ΌςΧ°
239,32736,"['»³Θα', '»³Θα']",3Κ1Μό1³ψ1Ξΐ,µΧ²γ ,73.01,Ζ½²γ,Ύ«Χ°
220,22686,"['»³Θα', '»³Θα']",3Κ1Μό1³ψ1Ξΐ,¶¥²γ ,96.98,Ζ½²γ,ΌςΧ°
300,37440,"['»³Θα', '»³Θα']",3Κ1Μό1³ψ1Ξΐ,µΧ²γ ,80.13,Ζ½²γ,ΌςΧ°
198,26057,"['»³Θα', '»³Θα']",2Κ1Μό1³ψ1Ξΐ,¶¥²γ ,75.99,Έ΄Κ½,Ύ«Χ°
210,23908,"['»³Θα', '»³Θα']",2Κ1Μό1³ψ1Ξΐ,µΧ²γ ,87.84,Ζ½²γ,ΖδΛϋ
212,22072,"['»³Θα', '»³Θα']",2Κ1Μό1³ψ1Ξΐ,ΈίΒ¥²γ ,96.05,Ζ½²γ,ΌςΧ°
265,24839,"['»³Θα', '»³Θα']",3Κ1Μό1³ψ1Ξΐ,ΦΠΒ¥²γ ,106.69,Ζ½²γ,ΖδΛϋ
356,32512,"['»³Θα', '»³Θα']",3Κ1Μό1³ψ1Ξΐ,ΈίΒ¥²γ ,109.5,Ζ½²γ,ΌςΧ°
220,27394,"['»³Θα', '»³Θα']",3Κ1Μό1³ψ1Ξΐ,¶¥²γ ,80.31,Ζ½²γ,ΖδΛϋ
241,24560,"['»³Θα', '»³Θα']",3Κ2Μό1³ψ2Ξΐ,¶¥²γ ,98.13,Ζ½²γ,ΌςΧ°
230,22866,"['»³Θα', '»³Θα']",3Κ1Μό1³ψ1Ξΐ,¶¥²γ ,100.59,Ζ½²γ,ΖδΛϋ
290,31177,"['»³Θα', '»³Θα']",3Κ2Μό1³ψ1Ξΐ,ΦΠΒ¥²γ ,93.02,Ζ½²γ,ΖδΛϋ
210,30251,"['»³Θα', '»³Θα']",2Κ1Μό1³ψ1Ξΐ,ΦΠΒ¥²γ ,69.42,Ζ½²γ,ΌςΧ°
255,26882,"['»³Θα', '»³Θα']",3Κ2Μό1³ψ1Ξΐ,ΦΠΒ¥²γ ,94.86,Ζ½²γ,Ύ«Χ°
300,28038,"['»³Θα', '»³Θα']",3Κ1Μό1³ψ1Ξΐ,¶¥²γ ,107.0,Ζ½²γ,ΖδΛϋ
230,26873,"['»³Θα', '»³Θα']",2Κ1Μό1³ψ1Ξΐ,ΈίΒ¥²γ ,85.59,Ζ½²γ,Ύ«Χ°
368,23945,"['»³Θα', '»³Θα']",3Κ2Μό1³ψ2Ξΐ,¶¥²γ ,153.69,Ζ½²γ,ΖδΛϋ
300,29718,"['»³Θα', '»³Θα']",2Κ2Μό1³ψ1Ξΐ,ΈίΒ¥²γ ,100.95,Ζ½²γ,ΖδΛϋ
373,34570,"['»³Θα', '»³Θα']",3Κ2Μό1³ψ1Ξΐ,ΦΠΒ¥²γ ,107.9,Ζ½²γ,ΖδΛϋ
219,27246,"['»³Θα', '»³Θα']",2Κ2Μό1³ψ1Ξΐ,ΈίΒ¥²γ ,80.38,Ζ½²γ,ΖδΛϋ
220,25789,"['»³Θα', '»³Θα']",2Κ1Μό1³ψ1Ξΐ,ΦΠΒ¥²γ ,85.31,Ζ½²γ,Ύ«Χ°
360,28125,"['»³Θα', '»³Θα']",3Κ2Μό1³ψ2Ξΐ,ΈίΒ¥²γ ,128.0,Ζ½²γ,ΖδΛϋ
660,35897,"['»³Θα', '»³Θα']",4Κ2Μό1³ψ2Ξΐ,µΧ²γ ,183.86,Ζ½²γ,ΌςΧ°
260,29336,"['»³Θα', '»³Θα']",2Κ1Μό1³ψ1Ξΐ,¶¥²γ ,88.63,Ζ½²γ,ΖδΛϋ
220,40524,"['»³Θα', '»³Θα']",2Κ1Μό1³ψ1Ξΐ,µΧ²γ ,54.29,Ζ½²γ,Ύ«Χ°
540,39642,"['»³Θα', '»³Θα']",3Κ2Μό1³ψ2Ξΐ,µΝΒ¥²γ ,136.22,Ζ½²γ,ΖδΛϋ
217,28128,"['»³Θα', '»³Θα']",3Κ1Μό1³ψ1Ξΐ,¶¥²γ ,77.15,Ζ½²γ,ΌςΧ°
310,26833,"['»³Θα', '»³Θα']",3Κ2Μό1³ψ1Ξΐ,ΈίΒ¥²γ ,115.53,Ζ½²γ,ΌςΧ°
175,22701,"['»³Θα', '»³Θα']",2Κ1Μό1³ψ1Ξΐ,ΈίΒ¥²γ ,77.09,Ζ½²γ,ΖδΛϋ
208,20832,"['»³Θα', '»³Θα']",3Κ1Μό1³ψ1Ξΐ,ΦΠΒ¥²γ ,99.85,Ζ½²γ,ΖδΛϋ
328,30156,"['»³Θα', '»³Θα']",2Κ2Μό1³ψ2Ξΐ,µΝΒ¥²γ ,108.77,Ζ½²γ,Ύ«Χ°
238,25711,"['»³Θα', '»³Θα']",3Κ2Μό1³ψ1Ξΐ,¶¥²γ ,92.57,Ζ½²γ,ΖδΛϋ
360,30736,"['»³Θα', '»³Θα']",3Κ2Μό1³ψ2Ξΐ,µΧ²γ ,117.13,Ζ½²γ,ΖδΛϋ
295,31427,"['»³Θα', '»³Θα']",3Κ1Μό1³ψ1Ξΐ,µΝΒ¥²γ ,93.87,Ζ½²γ,ΌςΧ°
253,29151,"['»³Θα', '»³Θα']",3Κ1Μό1³ψ1Ξΐ,ΈίΒ¥²γ ,86.79,Ζ½²γ,Ύ«Χ°
210,26218,"['»³Θα', '»³Θα']",2Κ2Μό1³ψ1Ξΐ,µΝΒ¥²γ ,80.1,Ζ½²γ,ΖδΛϋ
293,28936,"['»³Θα', '»³Θα']",3Κ1Μό1³ψ1Ξΐ,ΦΠΒ¥²γ ,101.26,Ζ½²γ,Ύ«Χ°
323,32528,"['»³Θα', '»³Θα']",3Κ2Μό1³ψ1Ξΐ,ΈίΒ¥²γ ,99.3,Ζ½²γ,ΖδΛϋ
216,24033,"['»³Θα', '»³Θα']",2Κ1Μό1³ψ1Ξΐ,ΦΠΒ¥²γ ,89.88,Ζ½²γ,Ύ«Χ°
279,29332,"['»³Θα', '»³Θα']",2Κ1Μό1³ψ1Ξΐ,ΦΠΒ¥²γ ,95.12,Ζ½²γ,Ύ«Χ°
265,25048,"['»³Θα', '»³Θα']",2Κ1Μό1³ψ1Ξΐ,µΝΒ¥²γ ,105.8,Ζ½²γ,ΌςΧ°
238,25303,"['»³Θα', '»³Θα']",3Κ1Μό1³ψ1Ξΐ,ΈίΒ¥²γ ,94.06,Ζ½²γ,ΌςΧ°
255,24342,"['»³Θα', '»³Θα']",3Κ2Μό1³ψ1Ξΐ,ΦΠΒ¥²γ ,104.76,Ζ½²γ,ΌςΧ°
230,23432,"['»³Θα', '»³Θα']",2Κ1Μό1³ψ1Ξΐ,µΝΒ¥²γ ,98.16,Ζ½²γ,Ύ«Χ°
285,31894,"['»³Θα', '»³Θα']",3Κ1Μό1³ψ1Ξΐ,ΦΠΒ¥²γ ,89.36,Ζ½²γ,ΖδΛϋ
185,27079,"['»³Θα', '»³Θα']",2Κ1Μό1³ψ1Ξΐ,ΈίΒ¥²γ ,68.32,Ζ½²γ,ΌςΧ°
238,25573,"['»³Θα', '»³Θα']",2Κ1Μό1³ψ1Ξΐ,ΈίΒ¥²γ ,93.07,Ζ½²γ,ΌςΧ°
198,24397,"['»³Θα', '»³Θα']",2Κ1Μό1³ψ1Ξΐ,µΝΒ¥²γ ,81.16,Ζ½²γ,ΌςΧ°
329,29571,"['»³Θα', '»³Θα']",3Κ2Μό1³ψ1Ξΐ,µΝΒ¥²γ ,111.26,Ζ½²γ,ΖδΛϋ
309,29635,"['»³Θα', '»³Θα']",2Κ1Μό1³ψ1Ξΐ,ΦΠΒ¥²γ ,104.27,Ζ½²γ,ΖδΛϋ
280,27054,"['»³Θα', '»³Θα']",3Κ1Μό1³ψ1Ξΐ,ΦΠΒ¥²γ ,103.5,Ζ½²γ,ΖδΛϋ
235,27435,"['»³Θα', '»³Θα']",3Κ1Μό1³ψ1Ξΐ,ΦΠΒ¥²γ ,85.66,Ζ½²γ,ΌςΧ°
235,22450,"['»³Θα', '»³Θα']",3Κ2Μό1³ψ1Ξΐ,ΦΠΒ¥²γ ,104.68,Ζ½²γ,Ύ«Χ°
430,29304,"['»³Θα', '»³Θα']",3Κ2Μό1³ψ2Ξΐ,¶¥²γ ,146.74,Έ΄Κ½,ΖδΛϋ
270,28807,"['»³Θα', '»³Θα']",2Κ1Μό1³ψ1Ξΐ,¶¥²γ ,93.73,Ζ½²γ,ΖδΛϋ
215,26586,"['»³Θα', '»³Θα']",3Κ1Μό1³ψ1Ξΐ,ΦΠΒ¥²γ ,80.87,Ζ½²γ,ΖδΛϋ
417,31248,"['»³Θα', '»³Θα']",3Κ2Μό1³ψ2Ξΐ,ΦΠΒ¥²γ ,133.45,Ζ½²γ,ΖδΛϋ
260,29096,"['»³Θα', '»³Θα']",2Κ1Μό1³ψ1Ξΐ,ΦΠΒ¥²γ ,89.36,Ζ½²γ,ΖδΛϋ
245,24957,"['»³Θα', '»³Θα']",2Κ2Μό1³ψ1Ξΐ,ΈίΒ¥²γ ,98.17,Ζ½²γ,Ύ«Χ°
246,25917,"['»³Θα', '»³Θα']",3Κ1Μό1³ψ1Ξΐ,ΦΠΒ¥²γ ,94.92,Ζ½²γ,ΌςΧ°
475,35945,"['»³Θα', '»³Θα']",3Κ2Μό1³ψ2Ξΐ,ΦΠΒ¥²γ ,132.15,Ζ½²γ,Ύ«Χ°
180,28581,"['»³Θα', '»³Θα']",2Κ1Μό1³ψ1Ξΐ,ΦΠΒ¥²γ ,62.98,Ζ½²γ,Γ«Εχ
265,32564,"['»³Θα', '»³Θα']",3Κ1Μό1³ψ1Ξΐ,µΝΒ¥²γ ,81.38,Ζ½²γ,ΌςΧ°
203,28568,"['»³Θα', '»³Θα']",2Κ1Μό1³ψ1Ξΐ,ΈίΒ¥²γ ,71.06,Ζ½²γ,ΖδΛϋ
192,24978,"['»³Θα', '»³Θα']",3Κ1Μό1³ψ1Ξΐ,¶¥²γ ,76.87,Ζ½²γ,ΖδΛϋ
185,29715,"['»³Θα', '»³Θα']",2Κ1Μό1³ψ1Ξΐ,ΈίΒ¥²γ ,62.26,Ζ½²γ,ΖδΛϋ
252,29613,"['»³Θα', '»³Θα']",3Κ1Μό1³ψ1Ξΐ,ΈίΒ¥²γ ,85.1,Ζ½²γ,Ύ«Χ°
415,35474,"['»³Θα', '»³Θα']",3Κ2Μό1³ψ2Ξΐ,ΈίΒ¥²γ ,116.99,Ζ½²γ,Ύ«Χ°
565,39256,"['»³Θα', '»³Θα']",3Κ2Μό1³ψ2Ξΐ,ΦΠΒ¥²γ ,143.93,Ζ½²γ,ΌςΧ°
160,28572,"['»³Θα', '»³Θα']",2Κ1Μό1³ψ1Ξΐ,ΦΠΒ¥²γ ,56.0,Ζ½²γ,ΌςΧ°
178,23570,"['»³Θα', '»³Θα']",3Κ1Μό1³ψ1Ξΐ,ΦΠΒ¥²γ ,75.52,Ζ½²γ,ΌςΧ°
246,26924,"['»³Θα', '»³Θα']",3Κ2Μό1³ψ1Ξΐ,¶¥²γ ,91.37,Ζ½²γ,ΌςΧ°
360,30796,"['»³Θα', '»³Θα']",3Κ2Μό1³ψ2Ξΐ,µΧ²γ ,116.9,Ζ½²γ,ΖδΛϋ
210,29466,"['»³Θα', '»³Θα']",2Κ1Μό1³ψ1Ξΐ,ΦΠΒ¥²γ ,71.27,Ζ½²γ,ΖδΛϋ
316,34597,"['»³Θα', '»³Θα']",2Κ1Μό1³ψ1Ξΐ,ΈίΒ¥²γ ,91.34,Ζ½²γ,Ύ«Χ°
325,25338,"['»³Θα', '»³Θα']",3Κ1Μό1³ψ2Ξΐ,µΧ²γ ,128.27,Ζ½²γ,ΌςΧ°
298,22860,"['»³Θα', '»³Θα']",3Κ2Μό1³ψ2Ξΐ,ΦΠΒ¥²γ ,130.36,Ζ½²γ,Ύ«Χ°
560,39515,"['»³Θα', '»³Θα']",4Κ2Μό1³ψ2Ξΐ,µΧ²γ ,141.72,Ζ½²γ,Ύ«Χ°
280,30108,"['»³Θα', '»³Θα']",3Κ1Μό1³ψ1Ξΐ,ΈίΒ¥²γ ,93.0,Ζ½²γ,ΌςΧ°
140,21072,"['»³Θα', '»³Θα']",2Κ1Μό1³ψ1Ξΐ,¶¥²γ ,66.44,Ζ½²γ,ΖδΛϋ
257,28128,"['»³Θα', '»³Θα']",3Κ2Μό1³ψ1Ξΐ,ΦΠΒ¥²γ ,91.37,Ζ½²γ,ΌςΧ°
268,32154,"['»³Θα', '»³Θα']",3Κ1Μό1³ψ1Ξΐ,ΦΠΒ¥²γ ,83.35,Ζ½²γ,ΌςΧ°
365,27713,"['»³Θα', '»³Θα']",3Κ2Μό1³ψ2Ξΐ,ΦΠΒ¥²γ ,131.71,Ζ½²γ,Ύ«Χ°
170,23494,"['»³Θα', '»³Θα']",3Κ1Μό1³ψ1Ξΐ,ΈίΒ¥²γ ,72.36,Ζ½²γ,ΖδΛϋ
270,30283,"['»³Θα', '»³Θα']",2Κ2Μό1³ψ1Ξΐ,ΈίΒ¥²γ ,89.16,Ζ½²γ,Ύ«Χ°
230,38149,"['»³Θα', '»³Θα']",2Κ1Μό1³ψ1Ξΐ,ΈίΒ¥²γ ,60.29,Ζ½²γ,Ύ«Χ°
183,31525,"['»³Θα', '»³Θα']",2Κ1Μό1³ψ1Ξΐ,ΦΠΒ¥²γ ,58.05,Ζ½²γ,ΖδΛϋ
260,34252,"['»³Θα', '»³Θα']",2Κ1Μό1³ψ1Ξΐ,ΦΠΒ¥²γ ,75.91,Ζ½²γ,ΖδΛϋ
260,27109,"['»³Θα', '»³Θα']",2Κ1Μό1³ψ1Ξΐ,ΈίΒ¥²γ ,95.91,Ζ½²γ,Ύ«Χ°
240,29269,"['»³Θα', '»³Θα']",3Κ2Μό1³ψ1Ξΐ,ΦΠΒ¥²γ ,82.0,Ζ½²γ,ΖδΛϋ
280,32903,"['»³Θα', '»³Θα']",3Κ1Μό1³ψ1Ξΐ,ΈίΒ¥²γ ,85.1,Ζ½²γ,ΖδΛϋ
164,26542,"['»³Θα', '»³Θα']",2Κ1Μό1³ψ1Ξΐ,ΦΠΒ¥²γ ,61.79,Ζ½²γ,ΌςΧ°
258,34327,"['»³Θα', '»³Θα']",2Κ1Μό1³ψ1Ξΐ,¶¥²γ ,75.16,Ζ½²γ,ΖδΛϋ
225,26452,"['»³Θα', '»³Θα']",2Κ1Μό1³ψ1Ξΐ,ΈίΒ¥²γ ,85.06,Ζ½²γ,ΖδΛϋ
313,26412,"['»³Θα', '»³Θα']",3Κ2Μό1³ψ2Ξΐ,ΦΠΒ¥²γ ,118.51,Ζ½²γ,ΌςΧ°
235,28195,"['»³Θα', '»³Θα']",3Κ1Μό1³ψ1Ξΐ,¶¥²γ ,83.35,Ζ½²γ,ΌςΧ°
290,26741,"['»³Θα', '»³Θα']",3Κ2Μό1³ψ1Ξΐ,ΈίΒ¥²γ ,108.45,Ζ½²γ,Ύ«Χ°
465,39234,"['»³Θα', '»³Θα']",3Κ1Μό1³ψ1Ξΐ,ΦΠΒ¥²γ ,118.52,Ζ½²γ,ΖδΛϋ
275,25757,"['»³Θα', '»³Θα']",3Κ2Μό1³ψ1Ξΐ,ΦΠΒ¥²γ ,106.77,Ζ½²γ,ΖδΛϋ
340,30686,"['»³Θα', '»³Θα']",3Κ2Μό1³ψ2Ξΐ,µΧ²γ ,110.8,Ζ½²γ,Ύ«Χ°
205,23167,"['»³Θα', '»³Θα']",2Κ2Μό1³ψ1Ξΐ,ΦΠΒ¥²γ ,88.49,Ζ½²γ,Ύ«Χ°
262,28448,"['»³Θα', '»³Θα']",2Κ2Μό1³ψ1Ξΐ,µΝΒ¥²γ ,92.1,Ζ½²γ,ΌςΧ°
152,21007,"['»³Θα', '»³Θα']",3Κ1Μό1³ψ1Ξΐ,ΈίΒ¥²γ ,72.36,Ζ½²γ,ΌςΧ°
220,29795,"['»³Θα', '»³Θα']",3Κ1Μό1³ψ1Ξΐ,¶¥²γ ,73.84,Ζ½²γ,ΌςΧ°
223,23242,"['»³Θα', '»³Θα']",2Κ2Μό1³ψ1Ξΐ,ΦΠΒ¥²γ ,95.95,Ζ½²γ,ΌςΧ°
165,22759,"['»³Θα', '»³Θα']",3Κ1Μό1³ψ1Ξΐ,¶¥²γ ,72.5,Ζ½²γ,ΖδΛϋ
500,37578,"['»³Θα', '»³Θα']",3Κ1Μό1³ψ2Ξΐ,ΈίΒ¥²γ ,133.06,Ζ½²γ,ΖδΛϋ
260,29211,"['»³Θα', '»³Θα']",2Κ1Μό1³ψ1Ξΐ,¶¥²γ ,89.01,Ζ½²γ,ΖδΛϋ
330,26919,"['»³Θα', '»³Θα']",3Κ2Μό1³ψ1Ξΐ,ΦΠΒ¥²γ ,122.59,Ζ½²γ,Ύ«Χ°
330,26723,"['»³Θα', '»³Θα']",3Κ2Μό1³ψ2Ξΐ,ΦΠΒ¥²γ ,123.49,Ζ½²γ,ΖδΛϋ
200,22515,"['»³Θα', '»³Θα']",3Κ1Μό1³ψ1Ξΐ,ΈίΒ¥²γ ,88.83,Ζ½²γ,ΌςΧ°
265,32568,"['»³Θα', '»³Θα']",2Κ1Μό1³ψ1Ξΐ,ΦΠΒ¥²γ ,81.37,Ζ½²γ,ΖδΛϋ
519,33748,"['»³Θα', '»³Θα']",3Κ2Μό1³ψ2Ξΐ,µΝΒ¥²γ ,153.79,Ζ½²γ,ΖδΛϋ
360,34986,"['»³Θα', '»³Θα']",3Κ2Μό1³ψ1Ξΐ,ΈίΒ¥²γ ,102.9,Ζ½²γ,ΖδΛϋ
180,29245,"['»³Θα', '»³Θα']",2Κ1Μό1³ψ1Ξΐ,ΦΠΒ¥²γ ,61.55,Ζ½²γ,ΖδΛϋ
200,26660,"['»³Θα', '»³Θα']",3Κ1Μό1³ψ1Ξΐ,ΈίΒ¥²γ ,75.02,Ζ½²γ,ΌςΧ°
205,30749,"['»³Θα', '»³Θα']",3Κ1Μό1³ψ1Ξΐ,¶¥²γ ,66.67,Ζ½²γ,ΖδΛϋ
265,27816,"['»³Θα', '»³Θα']",3Κ1Μό1³ψ1Ξΐ,ΈίΒ¥²γ ,95.27,Ζ½²γ,ΖδΛϋ
240,31353,"['»³Θα', '»³Θα']",3Κ1Μό1³ψ1Ξΐ,ΦΠΒ¥²γ ,76.55,Ζ½²γ,ΖδΛϋ
455,35157,"['»³Θα', '»³Θα']",3Κ1Μό1³ψ2Ξΐ,ΦΠΒ¥²γ ,129.42,Ζ½²γ,ΖδΛϋ
245,27108,"['»³Θα', '»³Θα']",2Κ2Μό1³ψ1Ξΐ,µΧ²γ ,90.38,Ζ½²γ,ΌςΧ°
290,29362,"['»³Θα', '»³Θα']",3Κ1Μό1³ψ1Ξΐ,ΈίΒ¥²γ ,98.77,Ζ½²γ,ΖδΛϋ
390,34956,"['»³Θα', '»³Θα']",3Κ2Μό1³ψ1Ξΐ,ΦΠΒ¥²γ ,111.57,Ζ½²γ,ΖδΛϋ
430,33808,"['»³Θα', '»³Θα']",3Κ1Μό1³ψ1Ξΐ,ΈίΒ¥²γ ,127.19,Ζ½²γ,ΖδΛϋ
235,24034,"['»³Θα', '»³Θα']",3Κ2Μό1³ψ1Ξΐ,ΦΠΒ¥²γ ,97.78,Ζ½²γ,ΖδΛϋ
229,23867,"['»³Θα', '»³Θα']",3Κ1Μό1³ψ1Ξΐ,ΈίΒ¥²γ ,95.95,Ζ½²γ,ΖδΛϋ
199,22353,"['»³Θα', '»³Θα']",2Κ1Μό1³ψ1Ξΐ,µΝΒ¥²γ ,89.03,Ζ½²γ,ΖδΛϋ
255,27909,"['»³Θα', '»³Θα']",3Κ2Μό1³ψ1Ξΐ,µΧ²γ ,91.37,Ζ½²γ,ΌςΧ°
470,32365,"['»³Θα', '»³Θα']",3Κ2Μό1³ψ2Ξΐ,µΝΒ¥²γ ,145.22,Ζ½²γ,ΖδΛϋ
295,33128,"['»³Θα', '»³Θα']",3Κ1Μό1³ψ1Ξΐ,ΦΠΒ¥²γ ,89.05,Ζ½²γ,ΖδΛϋ
310,31402,"['»³Θα', '»³Θα']",3Κ1Μό1³ψ1Ξΐ,µΝΒ¥²γ ,98.72,Ζ½²γ,ΌςΧ°
230,27954,"['»³Θα', '»³Θα']",3Κ1Μό1³ψ1Ξΐ,ΈίΒ¥²γ ,82.28,Ζ½²γ,ΖδΛϋ
152,27393,"['»³Θα', '»³Θα']",2Κ1Μό1³ψ1Ξΐ,ΦΠΒ¥²γ ,55.49,Ζ½²γ,ΌςΧ°
220,25855,"['»³Θα', '»³Θα']",2Κ1Μό1³ψ1Ξΐ,µΧ²γ ,85.09,Ζ½²γ,ΖδΛϋ
169,26924,"['»³Θα', '»³Θα']",2Κ1Μό1³ψ1Ξΐ,¶¥²γ ,62.77,Ζ½²γ,Ύ«Χ°
180,32207,"['»³Θα', '»³Θα']",2Κ1Μό1³ψ1Ξΐ,ΦΠΒ¥²γ ,55.89,Ζ½²γ,ΌςΧ°
273,21449,"['»³Θα', '»³Θα']",3Κ2Μό1³ψ1Ξΐ,ΈίΒ¥²γ ,127.28,Ζ½²γ,Ύ«Χ°
280,25276,"['»³Θα', '»³Θα']",3Κ2Μό1³ψ1Ξΐ,¶¥²γ ,110.78,Ζ½²γ,Ύ«Χ°
350,33778,"['»³Θα', '»³Θα']",3Κ1Μό1³ψ1Ξΐ,ΦΠΒ¥²γ ,103.62,Ζ½²γ,Ύ«Χ°
210,20296,"['»³Θα', '»³Θα']",3Κ2Μό1³ψ1Ξΐ,¶¥²γ ,103.47,Ζ½²γ,ΖδΛϋ
265,29003,"['»³Θα', '»³Θα']",3Κ2Μό1³ψ1Ξΐ,µΧ²γ ,91.37,Ζ½²γ,Ύ«Χ°
505,36305,"['»³Θα', '»³Θα']",3Κ1Μό1³ψ2Ξΐ,µΝΒ¥²γ ,139.1,Ζ½²γ,Ύ«Χ°
285,28376,"['»³Θα', '»³Θα']",1Κ0Μό0³ψ0Ξΐ,µΧ²γ ,100.44,Ζ½²γ,ΌςΧ°
320,31469,"['»³Θα', '»³Θα']",3Κ2Μό1³ψ1Ξΐ,ΈίΒ¥²γ ,101.69,Ζ½²γ,Ύ«Χ°
255,26982,"['»³Θα', '»³Θα']",3Κ1Μό1³ψ1Ξΐ,¶¥²γ ,94.51,Ζ½²γ,ΌςΧ°
251,23885,"['»³Θα', '»³Θα']",3Κ2Μό1³ψ1Ξΐ,ΈίΒ¥²γ ,105.09,Ζ½²γ,Ύ«Χ°
270,35125,"['»³Θα', '»³Θα']",3Κ1Μό1³ψ1Ξΐ,µΧ²γ ,76.87,Ζ½²γ,Ύ«Χ°
240,23991,"['»³Θα', '»³Θα']",3Κ2Μό1³ψ1Ξΐ,ΦΠΒ¥²γ ,100.04,Ζ½²γ,ΌςΧ°
202,26604,"['»³Θα', '»³Θα']",3Κ1Μό1³ψ1Ξΐ,¶¥²γ ,75.93,Ζ½²γ,ΌςΧ°
360,33321,"['»³Θα', '»³Θα']",3Κ2Μό1³ψ1Ξΐ,ΈίΒ¥²γ ,108.04,Ζ½²γ,ΌςΧ°
230,19917,"['»³Θα', '»³Θα']",3Κ2Μό1³ψ1Ξΐ,ΈίΒ¥²γ ,115.48,Ζ½²γ,ΖδΛϋ
210,27122,"['»³Θα', '»³Θα']",2Κ1Μό1³ψ1Ξΐ,ΈίΒ¥²γ ,77.43,Ζ½²γ,Ύ«Χ°
298,30885,"['»³Θα', '»³Θα']",3Κ2Μό1³ψ1Ξΐ,ΦΠΒ¥²γ ,96.49,Ζ½²γ,ΖδΛϋ
144,23661,"['»³Θα', '»³Θα']",1Κ1Μό1³ψ1Ξΐ,ΦΠΒ¥²γ ,60.86,Ζ½²γ,ΖδΛϋ
388,28580,"['»³Θα', '»³Θα']",3Κ2Μό1³ψ2Ξΐ,ΦΠΒ¥²γ ,135.76,Ζ½²γ,ΌςΧ°
340,28424,"['»³Θα', '»³Θα']",3Κ2Μό1³ψ2Ξΐ,µΝΒ¥²γ ,119.62,Ζ½²γ,ΖδΛϋ
255,27724,"['»³Θα', '»³Θα']",2Κ2Μό1³ψ1Ξΐ,ΦΠΒ¥²γ ,91.98,Ζ½²γ,ΖδΛϋ
205,23932,"['»³Θα', '»³Θα']",3Κ1Μό1³ψ1Ξΐ,ΈίΒ¥²γ ,85.66,Ζ½²γ,ΌςΧ°
255,26638,"['»³Θα', '»³Θα']",3Κ1Μό1³ψ1Ξΐ,ΦΠΒ¥²γ ,95.73,Ζ½²γ,Ύ«Χ°
495,42344,"['»³Θα', '»³Θα']",3Κ1Μό1³ψ2Ξΐ,ΦΠΒ¥²γ ,116.9,Ζ½²γ,Ύ«Χ°
435,25322,"['»³Θα', '»³Θα']",4Κ3Μό1³ψ3Ξΐ,¶¥²γ ,171.79,Έ΄Κ½,Ύ«Χ°
239,25908,"['»³Θα', '»³Θα']",2Κ1Μό1³ψ1Ξΐ,ΈίΒ¥²γ ,92.25,Ζ½²γ,ΖδΛϋ
280,36930,"['»³Θα', '»³Θα']",3Κ2Μό1³ψ2Ξΐ,¶¥²γ ,75.82,Ζ½²γ,ΖδΛϋ
280,36426,"['»³Θα', '»³Θα']",3Κ1Μό1³ψ1Ξΐ,µΝΒ¥²γ ,76.87,Ζ½²γ,Ύ«Χ°
276,29822,"['»³Θα', '»³Θα']",3Κ1Μό1³ψ1Ξΐ,µΧ²γ ,92.55,Ζ½²γ,ΖδΛϋ
330,32312,"['»³Θα', '»³Θα']",3Κ1Μό1³ψ1Ξΐ,ΈίΒ¥²γ ,102.13,Ζ½²γ,Ύ«Χ°
399,36983,"['»³Θα', '»³Θα']",3Κ2Μό1³ψ1Ξΐ,ΦΠΒ¥²γ ,107.89,Ζ½²γ,Ύ«Χ°
243,26121,"['»³Θα', '»³Θα']",2Κ2Μό1³ψ1Ξΐ,¶¥²γ ,93.03,Ζ½²γ,ΖδΛϋ
180,25975,"['»³Θα', '»³Θα']",2Κ1Μό1³ψ1Ξΐ,ΈίΒ¥²γ ,69.3,Ζ½²γ,ΌςΧ°
229,21833,"['»³Θα', '»³Θα']",3Κ1Μό1³ψ1Ξΐ,¶¥²γ ,104.89,Ζ½²γ,ΌςΧ°
290,34932,"['»³Θα', '»³Θα']",2Κ2Μό1³ψ1Ξΐ,ΦΠΒ¥²γ ,83.02,Ζ½²γ,Ύ«Χ°
260,28695,"['»³Θα', '»³Θα']",2Κ1Μό1³ψ1Ξΐ,ΈίΒ¥²γ ,90.61,Ζ½²γ,ΖδΛϋ
238,22291,"['»³Θα', '»³Θα']",3Κ2Μό1³ψ1Ξΐ,¶¥²γ ,106.77,Ζ½²γ,ΖδΛϋ
270,31728,"['»³Θα', '»³Θα']",3Κ1Μό1³ψ1Ξΐ,¶¥²γ ,85.1,Ζ½²γ,ΖδΛϋ
145,13675,"['»³Θα', '»³Θα']",3Κ2Μό1³ψ1Ξΐ,µΝΒ¥²γ ,106.04,Ζ½²γ,Γ«Εχ
210,27178,"['»³Θα', '»³Θα']",3Κ1Μό1³ψ1Ξΐ,¶¥²γ ,77.27,Ζ½²γ,ΌςΧ°
590,33261,"['»³Θα', '»³Θα']",4Κ1Μό1³ψ3Ξΐ,µΧ²γ ,177.39,Έ΄Κ½,ΌςΧ°
160,22112,"['»³Θα', '»³Θα']",3Κ1Μό1³ψ1Ξΐ,¶¥²γ ,72.36,Ζ½²γ,Ύ«Χ°
210,26449,"['»³Θα', '»³Θα']",3Κ1Μό1³ψ1Ξΐ,¶¥²γ ,79.4,Ζ½²γ,ΖδΛϋ
179,22395,"['»³Θα', '»³Θα']",2Κ1Μό1³ψ1Ξΐ,µΝΒ¥²γ ,79.93,Ζ½²γ,ΖδΛϋ
335,34878,"['»³Θα', '»³Θα']",3Κ2Μό1³ψ1Ξΐ,µΝΒ¥²γ ,96.05,Ζ½²γ,Ύ«Χ°
137,19718,"['»³Θα', '»³Θα']",2Κ2Μό1³ψ1Ξΐ,¶¥²γ ,69.48,Ζ½²γ,ΌςΧ°
224,29638,"['»³Θα', '»³Θα']",1Κ1Μό1³ψ1Ξΐ,µΧ²γ ,75.58,Ζ½²γ,Ύ«Χ°
193,30925,"['»³Θα', '»³Θα']",2Κ1Μό1³ψ1Ξΐ,ΈίΒ¥²γ ,62.41,Ζ½²γ,ΖδΛϋ
283,28300,"['»³Θα', '»³Θα']",2Κ1Μό1³ψ1Ξΐ,¶¥²γ ,100.0,Ζ½²γ,ΖδΛϋ
175,33616,"['»³Θα', '»³Θα']",2Κ1Μό1³ψ1Ξΐ,ΦΠΒ¥²γ ,52.06,Ζ½²γ,ΌςΧ°
265,25191,"['»³Θα', '»³Θα']",2Κ1Μό1³ψ1Ξΐ,ΦΠΒ¥²γ ,105.2,Ζ½²γ,ΖδΛϋ
298,30074,"['»³Θα', '»³Θα']",3Κ2Μό1³ψ1Ξΐ,ΦΠΒ¥²γ ,99.09,Ζ½²γ,ΌςΧ°
200,22769,"['»³Θα', '»³Θα']",2Κ1Μό1³ψ1Ξΐ,µΝΒ¥²γ ,87.84,Ζ½²γ,ΖδΛϋ
162,23230,"['»³Θα', '»³Θα']",2Κ1Μό1³ψ1Ξΐ,ΦΠΒ¥²γ ,69.74,Ζ½²γ,Ύ«Χ°
205,22947,"['»³Θα', '»³Θα']",2Κ1Μό1³ψ1Ξΐ,µΝΒ¥²γ ,89.34,Ζ½²γ,Ύ«Χ°
195,24027,"['»³Θα', '»³Θα']",2Κ1Μό1³ψ1Ξΐ,ΦΠΒ¥²γ ,81.16,Ζ½²γ,ΖδΛϋ
238,25363,"['»³Θα', '»³Θα']",3Κ1Μό1³ψ1Ξΐ,ΈίΒ¥²γ ,93.84,ΤέΞήΚύΎέ,ΌςΧ°
220,25971,"['»³Θα', '»³Θα']",3Κ1Μό1³ψ1Ξΐ,¶¥²γ ,84.71,Ζ½²γ,ΖδΛϋ
393,31504,"['»³Θα', '»³Θα']",3Κ1Μό1³ψ2Ξΐ,ΈίΒ¥²γ ,124.75,Ζ½²γ,Ύ«Χ°
300,26964,"['»³Θα', '»³Θα']",3Κ2Μό1³ψ1Ξΐ,µΧ²γ ,111.26,Ζ½²γ,ΖδΛϋ
240,26864,"['»³Θα', '»³Θα']",2Κ1Μό1³ψ1Ξΐ,¶¥²γ ,89.34,Ζ½²γ,ΖδΛϋ
320,27142,"['»³Θα', '»³Θα']",3Κ1Μό1³ψ2Ξΐ,¶¥²γ ,117.9,Ζ½²γ,ΖδΛϋ
215,24101,"['»³Θα', '»³Θα']",3Κ1Μό1³ψ1Ξΐ,¶¥²γ ,89.21,Ζ½²γ,ΌςΧ°
385,38263,"['»³Θα', '»³Θα']",3Κ1Μό1³ψ2Ξΐ,µΧ²γ ,100.62,Ζ½²γ,Ύ«Χ°
398,33562,"['»³Θα', '»³Θα']",3Κ2Μό1³ψ2Ξΐ,ΦΠΒ¥²γ ,118.59,Ζ½²γ,Ύ«Χ°
245,31326,"['»³Θα', '»³Θα']",3Κ1Μό1³ψ1Ξΐ,µΝΒ¥²γ ,78.21,Ζ½²γ,ΌςΧ°
206,25049,"['»³Θα', '»³Θα']",3Κ1Μό1³ψ1Ξΐ,¶¥²γ ,82.24,Ζ½²γ,ΖδΛϋ
162,28228,"['»³Θα', '»³Θα']",1Κ2Μό1³ψ1Ξΐ,ΈίΒ¥²γ ,57.39,Ζ½²γ,ΖδΛϋ
260,22255,"['»³Θα', '»³Θα']",3Κ1Μό1³ψ2Ξΐ,µΧ²γ ,116.83,Ζ½²γ,ΖδΛϋ
320,28572,"['»³Θα', '»³Θα']",3Κ1Μό1³ψ1Ξΐ,µΝΒ¥²γ ,112.0,Ζ½²γ,ΌςΧ°
245,31642,"['»³Θα', '»³Θα']",2Κ1Μό1³ψ1Ξΐ,ΈίΒ¥²γ ,77.43,Ζ½²γ,ΖδΛϋ
220,28620,"['»³Θα', '»³Θα']",3Κ1Μό1³ψ1Ξΐ,ΦΠΒ¥²γ ,76.87,Ζ½²γ,ΖδΛϋ
330,31646,"['»³Θα', '»³Θα']",3Κ2Μό1³ψ1Ξΐ,¶¥²γ ,104.28,Ζ½²γ,ΖδΛϋ
269,33272,"['»³Θα', '»³Θα']",3Κ1Μό1³ψ1Ξΐ,ΦΠΒ¥²γ ,80.85,Ζ½²γ,ΖδΛϋ
203,30317,"['»³Θα', '»³Θα']",2Κ1Μό1³ψ1Ξΐ,µΧ²γ ,66.96,Ζ½²γ,ΌςΧ°
406,39934,"['»³Θα', '»³Θα']",3Κ2Μό1³ψ1Ξΐ,ΦΠΒ¥²γ ,101.67,Ζ½²γ,Ύ«Χ°
275,29859,"['»³Θα', '»³Θα']",3Κ1Μό1³ψ1Ξΐ,µΧ²γ ,92.1,Ζ½²γ,ΖδΛϋ
365,26540,"['»³Θα', '»³Θα']",4Κ2Μό1³ψ2Ξΐ,ΦΠΒ¥²γ ,137.53,Ζ½²γ,Ύ«Χ°
185,25051,"['»³Θα', '»³Θα']",2Κ1Μό1³ψ1Ξΐ,¶¥²γ ,73.85,Ζ½²γ,ΖδΛϋ
349,24862,"['»³Θα', '»³Θα']",4Κ2Μό1³ψ1Ξΐ,ΦΠΒ¥²γ ,140.38,Ζ½²γ,ΖδΛϋ
338,37569,"['»³Θα', '»³Θα']",2Κ2Μό1³ψ1Ξΐ,µΝΒ¥²γ ,89.97,Ζ½²γ,Ύ«Χ°
152,22927,"['»³Θα', '»³Θα']",2Κ1Μό1³ψ1Ξΐ,¶¥²γ ,66.3,Ζ½²γ,ΖδΛϋ
196,25281,"['»³Θα', '»³Θα']",2Κ1Μό1³ψ1Ξΐ,ΦΠΒ¥²γ ,77.53,Ζ½²γ,ΖδΛϋ
320,29356,"['»³Θα', '»³Θα']",3Κ1Μό1³ψ2Ξΐ,ΦΠΒ¥²γ ,109.01,Ζ½²γ,ΌςΧ°
360,28296,"['»³Θα', '»³Θα']",4Κ2Μό1³ψ2Ξΐ,¶¥²γ ,127.23,Έ΄Κ½,ΌςΧ°
180,23842,"['»³Θα', '»³Θα']",3Κ1Μό1³ψ1Ξΐ,ΦΠΒ¥²γ ,75.5,Ζ½²γ,ΌςΧ°
299,29083,"['»³Θα', '»³Θα']",3Κ1Μό1³ψ1Ξΐ,¶¥²γ ,102.81,Ζ½²γ,ΖδΛϋ
260,30488,"['»³Θα', '»³Θα']",2Κ1Μό1³ψ1Ξΐ,µΝΒ¥²γ ,85.28,Ζ½²γ,Ύ«Χ°
175,23030,"['»³Θα', '»³Θα']",2Κ1Μό1³ψ1Ξΐ,µΝΒ¥²γ ,75.99,Ζ½²γ,ΌςΧ°
170,20699,"['»³Θα', '»³Θα']",3Κ1Μό1³ψ1Ξΐ,ΈίΒ¥²γ ,82.13,Ζ½²γ,ΖδΛϋ
370,27816,"['»³Θα', '»³Θα']",3Κ2Μό1³ψ2Ξΐ,ΦΠΒ¥²γ ,133.02,Ζ½²γ,Ύ«Χ°
460,41596,"['»³Θα', '»³Θα']",3Κ2Μό1³ψ1Ξΐ,ΦΠΒ¥²γ ,110.59,Ζ½²γ,ΖδΛϋ
180,28677,"['»³Θα', '»³Θα']",2Κ1Μό1³ψ1Ξΐ,¶¥²γ ,62.77,Ζ½²γ,ΖδΛϋ
330,28495,"['»³Θα', '»³Θα']",3Κ3Μό1³ψ1Ξΐ,ΈίΒ¥²γ ,115.81,Ζ½²γ,Ύ«Χ°
220,25804,"['»³Θα', '»³Θα']",3Κ1Μό1³ψ1Ξΐ,ΈίΒ¥²γ ,85.26,Ζ½²γ,ΌςΧ°
195,22381,"['»³Θα', '»³Θα']",3Κ1Μό1³ψ1Ξΐ,¶¥²γ ,87.13,Ζ½²γ,ΖδΛϋ
215,23828,"['»³Θα', '»³Θα']",3Κ1Μό1³ψ1Ξΐ,ΦΠΒ¥²γ ,90.23,Ζ½²γ,Ύ«Χ°
170,25638,"['»³Θα', '»³Θα']",2Κ1Μό1³ψ1Ξΐ,ΦΠΒ¥²γ ,66.31,Ζ½²γ,ΌςΧ°
520,38668,"['»³Θα', '»³Θα']",3Κ2Μό1³ψ2Ξΐ,µΝΒ¥²γ ,134.48,Ζ½²γ,Ύ«Χ°
180,25413,"['»³Θα', '»³Θα']",3Κ1Μό1³ψ1Ξΐ,ΈίΒ¥²γ ,70.83,Ζ½²γ,ΖδΛϋ
186,24397,"['»³Θα', '»³Θα']",2Κ1Μό1³ψ1Ξΐ,µΧ²γ ,76.24,Ζ½²γ,ΌςΧ°
190,22272,"['»³Θα', '»³Θα']",2Κ1Μό1³ψ1Ξΐ,¶¥²γ ,85.31,Ζ½²γ,ΌςΧ°
165,26316,"['»³Θα', '»³Θα']",2Κ1Μό1³ψ1Ξΐ,¶¥²γ ,62.7,Ζ½²γ,Ύ«Χ°
210,23946,"['»³Θα', '»³Θα']",3Κ1Μό1³ψ1Ξΐ,¶¥²γ ,87.7,Ζ½²γ,ΖδΛϋ
248,21349,"['»³Θα', '»³Θα']",3Κ2Μό1³ψ2Ξΐ,ΈίΒ¥²γ ,116.17,Ζ½²γ,ΖδΛϋ
213,23858,"['»³Θα', '»³Θα']",3Κ1Μό1³ψ1Ξΐ,ΦΠΒ¥²γ ,89.28,Ζ½²γ,Ύ«Χ°
280,26851,"['»³Θα', '»³Θα']",3Κ1Μό1³ψ1Ξΐ,ΈίΒ¥²γ ,104.28,Ζ½²γ,ΌςΧ°
200,23785,"['»³Θα', '»³Θα']",2Κ2Μό1³ψ1Ξΐ,ΈίΒ¥²γ ,84.09,Ζ½²γ,Ύ«Χ°
410,26939,"['»³Θα', '»³Θα']",3Κ2Μό1³ψ2Ξΐ,¶¥²γ ,152.2,Ζ½²γ,ΖδΛϋ
192,30404,"['»³Θα', '»³Θα']",2Κ1Μό1³ψ1Ξΐ,ΈίΒ¥²γ ,63.15,Ζ½²γ,Ύ«Χ°
410,36901,"['»³Θα', '»³Θα']",3Κ2Μό1³ψ2Ξΐ,µΧ²γ ,111.11,Ζ½²γ,ΖδΛϋ
269,26122,"['»³Θα', '»³Θα']",3Κ1Μό1³ψ1Ξΐ,¶¥²γ ,102.98,Ζ½²γ,ΖδΛϋ
410,33454,"['»³Θα', '»³Θα']",3Κ2Μό1³ψ2Ξΐ,µΧ²γ ,122.56,Ζ½²γ,ΖδΛϋ
265,33519,"['»³Θα', '»³Θα']",2Κ1Μό1³ψ1Ξΐ,ΈίΒ¥²γ ,79.06,Ζ½²γ,ΖδΛϋ
285,27092,"['»³Θα', '»³Θα']",2Κ2Μό1³ψ1Ξΐ,ΦΠΒ¥²γ ,105.2,Ζ½²γ,Ύ«Χ°
210,26244,"['»³Θα', '»³Θα']",3Κ1Μό1³ψ1Ξΐ,¶¥²γ ,80.02,Ζ½²γ,ΌςΧ°
290,27002,"['»³Θα', '»³Θα']",3Κ1Μό1³ψ1Ξΐ,ΦΠΒ¥²γ ,107.4,Ζ½²γ,ΖδΛϋ
349,28824,"['»³Θα', '»³Θα']",3Κ2Μό1³ψ1Ξΐ,µΝΒ¥²γ ,121.08,Ζ½²γ,ΖδΛϋ
265,28306,"['»³Θα', '»³Θα']",3Κ1Μό1³ψ1Ξΐ,ΈίΒ¥²γ ,93.62,Ζ½²γ,ΖδΛϋ
180,23472,"['»³Θα', '»³Θα']",2Κ1Μό1³ψ1Ξΐ,¶¥²γ ,76.69,Έ΄Κ½,ΌςΧ°
185,33019,"['»³Θα', '»³Θα']",2Κ1Μό1³ψ1Ξΐ,ΦΠΒ¥²γ ,56.03,Ζ½²γ,Ύ«Χ°
215,24120,"['»³Θα', '»³Θα']",2Κ1Μό1³ψ1Ξΐ,µΝΒ¥²γ ,89.14,Ζ½²γ,Ύ«Χ°
240,29703,"['»³Θα', '»³Θα']",2Κ1Μό1³ψ1Ξΐ,µΧ²γ ,80.8,Ζ½²γ,ΌςΧ°
205,29282,"['»³Θα', '»³Θα']",2Κ1Μό1³ψ1Ξΐ,ΈίΒ¥²γ ,70.01,Ζ½²γ,ΌςΧ°
202,30477,"['»³Θα', '»³Θα']",2Κ1Μό1³ψ1Ξΐ,ΦΠΒ¥²γ ,66.28,Ζ½²γ,ΌςΧ°
360,27135,"['»³Θα', '»³Θα']",3Κ2Μό1³ψ2Ξΐ,µΧ²γ ,132.67,Ζ½²γ,Ύ«Χ°
300,32623,"['»³Θα', '»³Θα']",3Κ1Μό1³ψ1Ξΐ,ΦΠΒ¥²γ ,91.96,Ζ½²γ,Ύ«Χ°
330,26926,"['»³Θα', '»³Θα']",3Κ2Μό1³ψ2Ξΐ,µΝΒ¥²γ ,122.56,Ζ½²γ,ΖδΛϋ
280,30645,"['»³Θα', '»³Θα']",3Κ2Μό1³ψ1Ξΐ,ΦΠΒ¥²γ ,91.37,Ζ½²γ,ΖδΛϋ
220,22676,"['»³Θα', '»³Θα']",2Κ1Μό1³ψ1Ξΐ,µΝΒ¥²γ ,97.02,Ζ½²γ,ΖδΛϋ
480,33054,"['»³Θα', '»³Θα']",3Κ1Μό1³ψ2Ξΐ,ΦΠΒ¥²γ ,145.22,Ζ½²γ,ΖδΛϋ
245,23997,"['»³Θα', '»³Θα']",2Κ1Μό1³ψ1Ξΐ,ΈίΒ¥²γ ,102.1,Ζ½²γ,ΌςΧ°
255,31106,"['»³Θα', '»³Θα']",2Κ1Μό1³ψ1Ξΐ,ΦΠΒ¥²γ ,81.98,Ζ½²γ,Ύ«Χ°
225,35267,"['»³Θα', '»³Θα']",2Κ1Μό1³ψ1Ξΐ,ΦΠΒ¥²γ ,63.8,Ζ½²γ,ΖδΛϋ
210,24882,"['»³Θα', '»³Θα']",2Κ1Μό1³ψ1Ξΐ,ΦΠΒ¥²γ ,84.4,Ζ½²γ,ΖδΛϋ
239,29012,"['»³Θα', '»³Θα']",2Κ1Μό1³ψ1Ξΐ,ΦΠΒ¥²γ ,82.38,Ζ½²γ,ΌςΧ°
170,18028,"['»³Θα', '»³Θα']",2Κ1Μό1³ψ1Ξΐ,¶¥²γ ,94.3,Ζ½²γ,ΌςΧ°
248,35183,"['»³Θα', '»³Θα']",2Κ1Μό1³ψ1Ξΐ,ΦΠΒ¥²γ ,70.49,Ζ½²γ,Ύ«Χ°
170,28683,"['»³Θα', '»³Θα']",2Κ1Μό1³ψ1Ξΐ,ΦΠΒ¥²γ ,59.27,Ζ½²γ,ΖδΛϋ
209,25227,"['»³Θα', '»³Θα']",3Κ1Μό1³ψ1Ξΐ,¶¥²γ ,82.85,Ζ½²γ,ΌςΧ°
158,31011,"['»³Θα', '»³Θα']",2Κ1Μό1³ψ1Ξΐ,ΦΠΒ¥²γ ,50.95,Ζ½²γ,Ύ«Χ°
190,30357,"['»³Θα', '»³Θα']",2Κ1Μό1³ψ1Ξΐ,ΦΠΒ¥²γ ,62.59,Ζ½²γ,ΖδΛϋ
320,24035,"['»³Θα', '»³Θα']",3Κ2Μό1³ψ1Ξΐ,ΈίΒ¥²γ ,133.14,Ζ½²γ,Ύ«Χ°
395,26484,"['»³Θα', '»³Θα']",4Κ2Μό1³ψ2Ξΐ,ΦΠΒ¥²γ ,149.15,Ζ½²γ,ΖδΛϋ
265,29289,"['»³Θα', '»³Θα']",3Κ1Μό1³ψ1Ξΐ,ΦΠΒ¥²γ ,90.48,Ζ½²γ,ΖδΛϋ
181,26282,"['»³Θα', '»³Θα']",2Κ1Μό1³ψ1Ξΐ,ΦΠΒ¥²γ ,68.87,Ζ½²γ,Ύ«Χ°
145,21018,"['»³Θα', '»³Θα']",2Κ1Μό1³ψ1Ξΐ,ΦΠΒ¥²γ ,68.99,Ζ½²γ,ΖδΛϋ
380,37554,"['»³Θα', '»³Θα']",2Κ1Μό1³ψ1Ξΐ,ΦΠΒ¥²γ ,101.19,Ζ½²γ,ΖδΛϋ
380,37554,"['»³Θα', '»³Θα']",2Κ2Μό1³ψ1Ξΐ,µΝΒ¥²γ ,101.19,Ζ½²γ,ΖδΛϋ
362,44659,"['»³Θα', '»³Θα']",2Κ1Μό1³ψ2Ξΐ,ΦΠΒ¥²γ ,81.06,Ζ½²γ,Ύ«Χ°
245,28602,"['»³Θα', '»³Θα']",3Κ1Μό1³ψ1Ξΐ,ΈίΒ¥²γ ,85.66,Ζ½²γ,ΌςΧ°
400,39546,"['»³Θα', '»³Θα']",3Κ2Μό1³ψ2Ξΐ,ΈίΒ¥²γ ,101.15,Ζ½²γ,Γ«Εχ
280,30967,"['»³Θα', '»³Θα']",2Κ2Μό1³ψ1Ξΐ,µΧ²γ ,90.42,Ζ½²γ,ΖδΛϋ
320,34010,"['»³Θα', '»³Θα']",2Κ2Μό1³ψ1Ξΐ,µΝΒ¥²γ ,94.09,Ζ½²γ,ΌςΧ°
190,25928,"['»³Θα', '»³Θα']",2Κ1Μό1³ψ1Ξΐ,ΈίΒ¥²γ ,73.28,Ζ½²γ,ΖδΛϋ
400,36938,"['»³Θα', '»³Θα']",3Κ2Μό1³ψ2Ξΐ,ΦΠΒ¥²γ ,108.29,Ζ½²γ,ΖδΛϋ
