总价格,单价,地段,房屋户型,所在楼层,建筑面积,户型结构,装修情况
183.0,34984,"['通州', '万达']",2室1厅1厨1卫,顶层 ,52.31,平层,简装
378.0,40209,"['通州', '梨园']",2室1厅1厨1卫,高楼层 ,94.01,平层,简装
235.0,34851,"['通州', '果园']",2室1厅1厨1卫,中楼层 ,67.43,平层,简装
448.0,43674,"['通州', '北关']",2室1厅1厨1卫,底层 ,102.58,平层,精装
280.0,37625,"['通州', '武夷花园']",1室1厅1厨1卫,高楼层 ,74.42,平层,简装
588.0,40552,"['通州', '果园']",3室2厅1厨2卫,中楼层 ,145.0,平层,精装
518.0,43120,"['通州', '潞苑']",3室2厅1厨1卫,顶层 ,120.13,复式,简装
479.0,33269,"['通州', '通州北苑']",3室2厅1厨2卫,低楼层 ,143.98,平层,简装
618.0,47371,"['通州', '武夷花园']",3室2厅1厨2卫,底层 ,130.46,跃层,精装
510.0,38012,"['通州', '万达']",3室2厅1厨2卫,高楼层 ,134.17,复式,精装
468.0,50953,"['通州', '通州北苑']",2室2厅1厨1卫,中楼层 ,91.85,平层,简装
236.0,34483,"['通州', '梨园']",2室1厅1厨1卫,低楼层 ,68.44,平层,精装
219.0,37132,"['通州', '果园']",2室1厅1厨1卫,底层 ,58.98,平层,简装
385.0,42206,"['通州', '梨园']",3室1厅1厨1卫,低楼层 ,91.22,平层,简装
324.0,31323,"['通州', '果园']",2室2厅1厨1卫,高楼层 ,103.44,复式,精装
225.0,32737,"['通州', '通州北苑']",2室1厅1厨1卫,中楼层 ,68.73,平层,简装
309.0,50106,"['通州', '万达']",2室1厅1厨1卫,底层 ,61.67,平层,简装
280.0,36611,"['通州', '临河里']",2室1厅1厨1卫,高楼层 ,76.48,平层,精装
364.0,40128,"['通州', '潞苑']",3室2厅1厨1卫,高楼层 ,90.71,平层,简装
229.0,36500,"['通州', '万达']",3室1厅1厨1卫,低楼层 ,62.74,平层,简装
279.0,31547,"['通州', '九棵树(家乐福)']",2室2厅1厨1卫,中楼层 ,88.44,平层,简装
289.0,37626,"['通州', '潞苑']",2室1厅1厨1卫,顶层 ,76.81,平层,精装
429.0,49544,"['通州', '潞苑']",2室1厅1厨1卫,低楼层 ,86.59,平层,精装
433.0,46187,"['通州', '武夷花园']",2室1厅1厨1卫,低楼层 ,93.75,平层,简装
215.0,31323,"['通州', '北关']",2室1厅1厨1卫,底层 ,68.64,平层,简装
440.0,48067,"['通州', '临河里']",2室1厅1厨1卫,中楼层 ,91.54,平层,精装
325.0,43701,"['通州', '武夷花园']",1室1厅1厨1卫,中楼层 ,74.37,平层,简装
359.0,38900,"['通州', '九棵树(家乐福)']",2室1厅1厨1卫,中楼层 ,92.29,平层,精装
218.0,37548,"['通州', '万达']",2室1厅1厨1卫,低楼层 ,58.06,平层,精装
235.0,39966,"['通州', '临河里']",2室1厅1厨1卫,高楼层 ,58.8,平层,精装
298.0,35334,"['通州', '万达']",3室1厅1厨1卫,中楼层 ,84.34,平层,精装
278.0,29629,"['通州', '马驹桥']",2室1厅1厨1卫,中楼层 ,93.83,平层,精装
478.0,52207,"['通州', '武夷花园']",2室1厅1厨1卫,中楼层 ,91.56,平层,简装
325.0,39385,"['通州', '梨园']",2室1厅1厨1卫,底层 ,82.52,平层,简装
368.0,41191,"['通州', '九棵树(家乐福)']",2室1厅1厨1卫,底层 ,89.34,平层,简装
466.0,52260,"['通州', '武夷花园']",2室1厅1厨1卫,中楼层 ,89.17,平层,精装
720.0,45261,"['通州', '临河里']",3室1厅1厨2卫,中楼层 ,159.08,平层,简装
465.0,39710,"['通州', '九棵树(家乐福)']",3室2厅1厨2卫,中楼层 ,117.1,平层,精装
399.0,52232,"['通州', '通州其它']",2室1厅1厨1卫,低楼层 ,76.39,平层,精装
280.0,41531,"['通州', '梨园']",1室1厅1厨1卫,低楼层 ,67.42,平层,简装
365.0,38053,"['通州', '梨园']",2室1厅1厨1卫,高楼层 ,95.92,平层,简装
325.0,40253,"['通州', '潞苑']",2室1厅1厨1卫,高楼层 ,80.74,暂无数据,精装
610.0,66211,"['通州', '万达']",2室1厅1厨1卫,中楼层 ,92.13,平层,简装
415.0,45872,"['通州', '果园']",2室1厅1厨1卫,中楼层 ,90.47,平层,精装
245.0,39549,"['通州', '梨园']",2室1厅1厨1卫,底层 ,61.95,平层,精装
525.0,58627,"['通州', '万达']",2室1厅1厨1卫,中楼层 ,89.55,平层,精装
525.0,59599,"['通州', '武夷花园']",2室1厅1厨1卫,中楼层 ,88.09,平层,精装
799.0,56256,"['通州', '武夷花园']",3室2厅1厨2卫,低楼层 ,142.03,平层,精装
266.0,36685,"['通州', '九棵树(家乐福)']",2室1厅1厨1卫,低楼层 ,72.51,平层,简装
380.0,33899,"['通州', '万达']",2室1厅1厨2卫,低楼层 ,112.1,平层,简装
408.0,45485,"['通州', '临河里']",2室1厅1厨1卫,低楼层 ,89.7,平层,精装
440.0,52413,"['通州', '武夷花园']",2室1厅1厨1卫,底层 ,83.95,平层,精装
502.0,54294,"['通州', '武夷花园']",2室1厅1厨1卫,高楼层 ,92.46,平层,精装
329.0,41509,"['通州', '九棵树(家乐福)']",2室1厅1厨1卫,中楼层 ,79.26,平层,精装
258.0,29173,"['通州', '九棵树(家乐福)']",2室1厅1厨1卫,低楼层 ,88.44,平层,精装
330.0,43721,"['通州', '万达']",3室1厅1厨1卫,底层 ,75.48,平层,精装
330.0,31492,"['通州', '北关']",2室1厅1厨1卫,底层 ,104.79,平层,简装
215.0,20422,"['通州', '潞苑']",3室1厅1厨1卫,顶层 ,105.28,平层,简装
469.0,37611,"['通州', '临河里']",3室2厅1厨2卫,低楼层 ,124.7,错层,精装
478.0,33748,"['通州', '九棵树(家乐福)']",3室2厅1厨2卫,中楼层 ,141.64,错层,简装
495.0,38612,"['通州', '果园']",3室2厅1厨2卫,中楼层 ,128.2,错层,精装
565.0,37547,"['通州', '马驹桥']",3室1厅1厨2卫,中楼层 ,150.48,平层,简装
425.0,34066,"['通州', '北关']",3室2厅1厨2卫,高楼层 ,124.76,平层,简装
1030.0,63303,"['通州', '九棵树(家乐福)']",4室1厅1厨2卫,高楼层 ,162.71,平层,精装
655.0,45712,"['通州', '武夷花园']",3室2厅1厨2卫,中楼层 ,143.29,平层,精装
550.0,39272,"['通州', '北关']",3室1厅1厨2卫,中楼层 ,140.05,平层,精装
680.0,46904,"['通州', '通州北苑']",3室2厅1厨2卫,中楼层 ,144.98,平层,简装
430.0,40747,"['通州', '果园']",2室1厅1厨2卫,顶层 ,105.53,错层,简装
330.0,37280,"['通州', '通州北苑']",2室1厅1厨1卫,低楼层 ,88.52,平层,简装
189.0,34994,"['通州', '通州北苑']",1室1厅1厨1卫,低楼层 ,54.01,平层,精装
255.0,34553,"['通州', '通州其它']",2室1厅1厨1卫,高楼层 ,73.8,平层,精装
285.0,40317,"['通州', '潞苑']",2室1厅1厨1卫,高楼层 ,70.69,平层,精装
225.0,34216,"['通州', '万达']",2室1厅1厨1卫,中楼层 ,65.76,平层,简装
186.0,32684,"['通州', '乔庄']",2室1厅1厨1卫,高楼层 ,56.91,平层,简装
541.0,40425,"['通州', '临河里']",3室1厅1厨2卫,高楼层 ,133.83,平层,简装
289.0,33817,"['通州', '潞苑']",2室1厅1厨1卫,中楼层 ,85.46,平层,简装
473.0,58417,"['通州', '武夷花园']",2室1厅1厨1卫,高楼层 ,80.97,平层,精装
206.0,35154,"['通州', '果园']",1室1厅1厨1卫,中楼层 ,58.6,平层,精装
298.0,38602,"['通州', '梨园']",2室1厅1厨1卫,中楼层 ,77.2,平层,精装
261.0,29891,"['通州', '潞苑']",2室1厅1厨1卫,高楼层 ,87.32,平层,精装
198.0,38217,"['通州', '玉桥']",1室1厅1厨1卫,中楼层 ,51.81,平层,精装
445.0,44887,"['通州', '通州北苑']",2室2厅1厨1卫,中楼层 ,99.14,平层,精装
385.0,46917,"['通州', '武夷花园']",1室1厅1厨1卫,低楼层 ,82.06,平层,精装
278.0,40396,"['通州', '果园']",2室1厅1厨1卫,中楼层 ,68.82,平层,精装
330.0,45256,"['通州', '万达']",2室1厅1厨1卫,中楼层 ,72.92,平层,简装
910.0,51477,"['通州', '玉桥']",3室2厅1厨2卫,低楼层 ,176.78,平层,精装
245.0,31135,"['通州', '果园']",2室1厅1厨1卫,底层 ,78.69,平层,简装
245.0,33357,"['通州', '潞苑']",2室1厅1厨1卫,中楼层 ,73.45,平层,简装
410.0,36542,"['通州', '通州其它']",3室1厅1厨1卫,中楼层 ,112.2,平层,精装
257.0,33950,"['通州', '通州其它']",2室1厅1厨1卫,低楼层 ,75.7,平层,精装
149.0,33499,"['通州', '北关']",1室1厅1厨2卫,低楼层 ,44.48,复式,精装
239.0,39847,"['通州', '梨园']",1室1厅1厨1卫,中楼层 ,59.98,平层,简装
355.0,36864,"['通州', '临河里']",2室1厅1厨1卫,顶层 ,96.3,平层,精装
279.0,45656,"['通州', '梨园']",1室1厅1厨1卫,低楼层 ,61.11,平层,精装
300.0,39820,"['通州', '通州北苑']",2室1厅1厨1卫,低楼层 ,75.34,平层,精装
290.0,34442,"['通州', '潞苑']",2室2厅1厨1卫,高楼层 ,84.2,平层,简装
335.0,39603,"['通州', '梨园']",2室1厅1厨1卫,中楼层 ,84.59,平层,精装
245.0,30990,"['通州', '马驹桥']",2室1厅1厨1卫,中楼层 ,79.06,平层,简装
190.0,32731,"['通州', '万达']",2室1厅1厨1卫,高楼层 ,58.05,平层,精装
215.0,30588,"['通州', '通州其它']",2室2厅1厨1卫,中楼层 ,70.29,平层,精装
358.0,39083,"['通州', '梨园']",2室1厅1厨1卫,高楼层 ,91.6,平层,精装
245.0,32225,"['通州', '梨园']",2室1厅1厨1卫,高楼层 ,76.03,平层,精装
389.0,36803,"['通州', '北关']",3室2厅1厨2卫,高楼层 ,105.7,平层,精装
435.0,48035,"['通州', '玉桥']",2室2厅1厨1卫,低楼层 ,90.56,平层,精装
205.0,36086,"['通州', '北关']",2室1厅1厨1卫,中楼层 ,56.81,平层,精装
349.0,38568,"['通州', '果园']",2室1厅1厨1卫,中楼层 ,90.49,平层,简装
530.0,40452,"['通州', '果园']",3室2厅1厨2卫,高楼层 ,131.02,平层,简装
386.0,43587,"['通州', '武夷花园']",2室1厅1厨1卫,中楼层 ,88.56,平层,简装
265.0,39772,"['通州', '梨园']",1室1厅1厨1卫,中楼层 ,66.63,平层,精装
280.0,34671,"['通州', '通州北苑']",2室1厅1厨1卫,中楼层 ,80.76,平层,精装
329.0,35910,"['通州', '九棵树(家乐福)']",2室1厅1厨1卫,中楼层 ,91.62,平层,精装
342.0,38432,"['通州', '临河里']",2室1厅1厨1卫,中楼层 ,88.99,平层,精装
633.0,35004,"['通州', '临河里']",4室1厅2厨2卫,高楼层 ,180.84,复式,精装
1199.0,49554,"['通州', '潞苑']",4室2厅1厨4卫,底层 ,241.96,复式,精装
489.0,34525,"['通州', '九棵树(家乐福)']",3室2厅1厨2卫,高楼层 ,141.64,错层,简装
239.0,30485,"['通州', '通州其它']",3室1厅1厨1卫,低楼层 ,78.4,平层,精装
660.0,46437,"['通州', '梨园']",3室2厅1厨2卫,中楼层 ,142.13,平层,精装
700.0,45373,"['通州', '临河里']",3室2厅1厨2卫,中楼层 ,154.28,平层,精装
699.0,50933,"['通州', '武夷花园']",3室2厅1厨2卫,低楼层 ,137.24,平层,精装
575.0,42972,"['通州', '果园']",3室2厅1厨2卫,高楼层 ,133.81,平层,精装
568.0,46353,"['通州', '果园']",3室2厅1厨2卫,中楼层 ,122.54,平层,精装
560.0,33703,"['通州', '北关']",4室2厅1厨2卫,顶层 ,166.16,平层,简装
733.0,53263,"['通州', '玉桥']",3室2厅1厨2卫,高楼层 ,137.62,平层,精装
238.0,33755,"['通州', '通州其它']",1室1厅1厨1卫,低楼层 ,70.51,平层,精装
252.0,38592,"['通州', '梨园']",1室1厅1厨1卫,高楼层 ,65.3,平层,简装
249.0,38575,"['通州', '临河里']",1室1厅1厨1卫,高楼层 ,64.55,平层,简装
216.0,35977,"['通州', '万达']",2室1厅1厨1卫,中楼层 ,60.04,平层,简装
333.0,41460,"['通州', '临河里']",2室1厅1厨1卫,高楼层 ,80.32,平层,简装
285.0,49782,"['通州', '潞苑']",2室1厅1厨1卫,低楼层 ,57.25,平层,精装
405.0,41659,"['通州', '临河里']",2室2厅1厨1卫,低楼层 ,97.22,平层,简装
372.0,44847,"['通州', '梨园']",2室2厅1厨1卫,底层 ,82.95,平层,简装
279.0,34556,"['通州', '潞苑']",2室1厅1厨1卫,底层 ,80.74,平层,精装
168.0,33729,"['通州', '万达']",2室1厅1厨1卫,高楼层 ,49.81,平层,简装
333.0,36012,"['通州', '潞苑']",3室1厅1厨1卫,高楼层 ,92.47,平层,精装
240.0,31129,"['通州', '马驹桥']",2室1厅1厨1卫,顶层 ,77.1,平层,精装
425.0,40744,"['通州', '通州北苑']",2室1厅1厨1卫,高楼层 ,104.31,平层,简装
548.0,41849,"['通州', '通州北苑']",3室2厅1厨2卫,低楼层 ,130.95,平层,精装
442.0,49758,"['通州', '临河里']",3室2厅1厨1卫,中楼层 ,88.83,平层,精装
310.0,39597,"['通州', '潞苑']",2室1厅1厨1卫,顶层 ,78.29,平层,精装
450.0,32166,"['通州', '通州北苑']",3室1厅1厨2卫,低楼层 ,139.9,平层,精装
378.0,41159,"['通州', '临河里']",2室1厅1厨1卫,高楼层 ,91.84,平层,精装
315.0,37536,"['通州', '通州其它']",2室1厅1厨2卫,高楼层 ,83.92,平层,精装
219.0,32756,"['通州', '潞苑']",2室1厅1厨1卫,低楼层 ,66.86,平层,简装
399.0,44447,"['通州', '武夷花园']",2室1厅1厨1卫,高楼层 ,89.77,平层,简装
375.0,40129,"['通州', '梨园']",2室1厅1厨1卫,中楼层 ,93.45,平层,简装
295.0,35641,"['通州', '果园']",3室1厅1厨1卫,中楼层 ,82.77,平层,精装
185.0,35279,"['通州', '通州北苑']",2室1厅1厨1卫,高楼层 ,52.44,平层,简装
288.0,34842,"['通州', '果园']",2室1厅1厨1卫,中楼层 ,82.66,平层,简装
429.0,47747,"['通州', '临河里']",2室1厅1厨1卫,中楼层 ,89.85,平层,精装
270.0,30682,"['通州', '果园']",2室2厅1厨1卫,高楼层 ,88.0,平层,精装
225.0,31473,"['通州', '北关']",2室1厅1厨1卫,高楼层 ,71.49,平层,精装
285.0,40374,"['通州', '万达']",3室1厅1厨1卫,高楼层 ,70.59,平层,简装
300.0,35685,"['通州', '潞苑']",2室1厅1厨1卫,中楼层 ,84.07,平层,精装
365.0,38564,"['通州', '果园']",2室2厅1厨2卫,中楼层 ,94.65,平层,精装
200.0,30955,"['通州', '通州其它']",2室1厅1厨1卫,高楼层 ,64.61,平层,精装
388.0,38727,"['通州', '潞苑']",2室2厅1厨1卫,高楼层 ,100.19,平层,精装
396.0,39027,"['通州', '果园']",2室2厅1厨1卫,高楼层 ,101.47,平层,精装
293.0,37983,"['通州', '潞苑']",2室1厅1厨1卫,中楼层 ,77.14,平层,简装
252.0,26150,"['通州', '马驹桥']",2室1厅1厨2卫,低楼层 ,96.37,平层,简装
240.0,31389,"['通州', '马驹桥']",2室1厅1厨1卫,高楼层 ,76.46,平层,简装
249.0,28529,"['通州', '潞苑']",2室1厅1厨1卫,低楼层 ,87.28,平层,精装
209.0,40694,"['通州', '万达']",2室1厅1厨1卫,底层 ,51.36,平层,简装
270.0,29785,"['通州', '九棵树(家乐福)']",3室1厅1厨1卫,低楼层 ,90.65,平层,精装
420.0,47744,"['通州', '九棵树(家乐福)']",2室2厅1厨1卫,中楼层 ,87.97,平层,精装
385.0,37820,"['通州', '果园']",2室2厅1厨2卫,中楼层 ,101.8,平层,精装
235.0,34702,"['通州', '北关']",2室1厅1厨1卫,低楼层 ,67.72,平层,精装
359.0,42236,"['通州', '通州北苑']",2室1厅1厨1卫,高楼层 ,85.0,平层,精装
279.0,31529,"['通州', '九棵树(家乐福)']",2室1厅1厨1卫,中楼层 ,88.49,平层,精装
333.0,34098,"['通州', '通州北苑']",2室1厅1厨1卫,低楼层 ,97.66,平层,精装
350.0,38294,"['通州', '梨园']",2室1厅1厨1卫,高楼层 ,91.4,平层,简装
413.0,44357,"['通州', '临河里']",2室1厅1厨1卫,高楼层 ,93.11,平层,简装
369.0,38623,"['通州', '临河里']",2室1厅1厨1卫,低楼层 ,95.54,平层,简装
359.0,38294,"['通州', '临河里']",3室1厅1厨1卫,低楼层 ,93.75,平层,精装
455.0,49635,"['通州', '临河里']",3室1厅1厨1卫,低楼层 ,91.67,平层,精装
472.0,55063,"['通州', '通州其它']",2室1厅1厨1卫,中楼层 ,85.72,平层,精装
218.0,29564,"['通州', '通州其它']",2室1厅1厨1卫,高楼层 ,73.74,平层,精装
467.0,47049,"['通州', '武夷花园']",2室2厅1厨1卫,中楼层 ,99.26,平层,简装
430.0,46648,"['通州', '临河里']",2室2厅1厨1卫,中楼层 ,92.18,平层,简装
152.0,32109,"['通州', '潞苑']",1室1厅1厨1卫,顶层 ,47.34,平层,精装
368.0,43525,"['通州', '临河里']",2室1厅1厨1卫,高楼层 ,84.55,平层,简装
465.0,50000,"['通州', '临河里']",2室1厅1厨1卫,低楼层 ,93.0,平层,精装
259.0,35015,"['通州', '果园']",2室1厅1厨1卫,低楼层 ,73.97,平层,简装
305.0,34802,"['通州', '九棵树(家乐福)']",2室1厅1厨1卫,中楼层 ,87.64,平层,精装
215.0,36099,"['通州', '果园']",2室1厅1厨1卫,低楼层 ,59.56,平层,简装
248.0,36649,"['通州', '梨园']",2室1厅1厨1卫,高楼层 ,67.67,平层,简装
368.0,38971,"['通州', '梨园']",2室1厅1厨1卫,低楼层 ,94.43,平层,简装
599.0,66586,"['通州', '万达']",2室1厅1厨1卫,高楼层 ,89.96,平层,精装
278.0,37948,"['通州', '果园']",3室1厅1厨1卫,中楼层 ,73.26,平层,简装
262.0,34684,"['通州', '北关']",2室1厅1厨1卫,低楼层 ,75.54,平层,精装
345.0,37660,"['通州', '梨园']",2室1厅1厨1卫,高楼层 ,91.61,平层,简装
400.0,37991,"['通州', '临河里']",2室1厅1厨1卫,中楼层 ,105.29,平层,精装
280.0,33058,"['通州', '九棵树(家乐福)']",3室1厅1厨1卫,中楼层 ,84.7,平层,简装
309.0,34031,"['通州', '九棵树(家乐福)']",3室2厅1厨1卫,低楼层 ,90.8,平层,精装
345.0,53004,"['通州', '武夷花园']",1室1厅1厨1卫,中楼层 ,65.09,平层,精装
253.0,31254,"['通州', '马驹桥']",2室1厅1厨1卫,中楼层 ,80.95,平层,精装
250.0,33338,"['通州', '临河里']",2室1厅1厨1卫,中楼层 ,74.99,平层,简装
365.0,41873,"['通州', '临河里']",3室1厅1厨1卫,高楼层 ,87.17,平层,精装
290.0,33546,"['通州', '潞苑']",2室1厅1厨1卫,中楼层 ,86.45,平层,简装
208.0,28849,"['通州', '通州其它']",2室1厅1厨1卫,高楼层 ,72.1,平层,精装
209.0,30312,"['通州', '果园']",2室1厅1厨1卫,中楼层 ,68.95,平层,简装
445.0,49292,"['通州', '梨园']",2室1厅1厨1卫,低楼层 ,90.28,平层,精装
285.0,35251,"['通州', '果园']",2室1厅1厨1卫,低楼层 ,80.85,平层,精装
469.0,51511,"['通州', '武夷花园']",2室1厅1厨1卫,低楼层 ,91.05,平层,简装
339.0,38022,"['通州', '临河里']",2室1厅1厨1卫,中楼层 ,89.16,平层,精装
245.0,27226,"['通州', '九棵树(家乐福)']",2室1厅1厨1卫,低楼层 ,89.99,平层,精装
289.0,32815,"['通州', '临河里']",2室1厅1厨1卫,低楼层 ,88.07,平层,精装
545.0,60623,"['通州', '九棵树(家乐福)']",2室1厅1厨1卫,高楼层 ,89.9,平层,精装
508.0,51986,"['通州', '武夷花园']",2室2厅1厨1卫,高楼层 ,97.72,平层,简装
255.0,43845,"['通州', '万达']",2室1厅1厨1卫,中楼层 ,58.16,平层,精装
328.0,36722,"['通州', '九棵树(家乐福)']",2室1厅1厨1卫,低楼层 ,89.32,平层,简装
463.0,46986,"['通州', '临河里']",3室1厅1厨1卫,中楼层 ,98.54,平层,精装
319.0,32928,"['通州', '通州北苑']",2室1厅1厨1卫,低楼层 ,96.88,平层,精装
328.0,36364,"['通州', '九棵树(家乐福)']",2室1厅1厨1卫,中楼层 ,90.2,平层,简装
258.0,30461,"['通州', '九棵树(家乐福)']",2室1厅1厨1卫,低楼层 ,84.7,平层,简装
399.0,41693,"['通州', '临河里']",2室1厅1厨1卫,高楼层 ,95.7,平层,精装
226.0,27598,"['通州', '潞苑']",2室1厅1厨1卫,顶层 ,81.89,平层,精装
350.0,32414,"['通州', '潞苑']",3室1厅1厨1卫,底层 ,107.98,平层,简装
255.0,34469,"['通州', '潞苑']",2室1厅1厨1卫,底层 ,73.98,平层,简装
338.0,36688,"['通州', '梨园']",2室1厅1厨1卫,中楼层 ,92.13,平层,精装
170.0,20768,"['通州', '通州其它']",2室1厅1厨1卫,底层 ,81.86,平层,精装
348.0,43896,"['通州', '武夷花园']",2室1厅1厨1卫,高楼层 ,79.28,平层,精装
455.0,57435,"['通州', '武夷花园']",2室1厅1厨1卫,低楼层 ,79.22,平层,简装
439.0,48407,"['通州', '梨园']",2室1厅1厨1卫,高楼层 ,90.69,平层,精装
315.0,32522,"['通州', '通州北苑']",3室1厅1厨1卫,底层 ,96.86,平层,精装
388.0,52313,"['通州', '通州其它']",2室1厅1厨1卫,低楼层 ,74.17,平层,精装
204.0,34789,"['通州', '梨园']",2室1厅1厨1卫,高楼层 ,58.64,平层,简装
315.0,40261,"['通州', '万达']",2室1厅1厨1卫,低楼层 ,78.24,平层,简装
428.0,48439,"['通州', '武夷花园']",2室1厅1厨1卫,中楼层 ,88.36,平层,精装
499.0,55390,"['通州', '九棵树(家乐福)']",2室1厅1厨1卫,中楼层 ,90.09,平层,简装
387.0,38585,"['通州', '万达']",2室2厅1厨1卫,中楼层 ,100.3,平层,简装
430.0,47604,"['通州', '临河里']",2室1厅1厨1卫,高楼层 ,90.33,平层,精装
245.0,32790,"['通州', '梨园']",2室1厅1厨1卫,底层 ,74.72,平层,简装
507.0,54888,"['通州', '武夷花园']",2室1厅1厨1卫,中楼层 ,92.37,平层,简装
430.0,41315,"['通州', '通州北苑']",3室1厅1厨1卫,低楼层 ,104.08,平层,简装
438.0,46409,"['通州', '临河里']",2室1厅1厨1卫,高楼层 ,94.38,平层,精装
465.0,51484,"['通州', '临河里']",3室1厅1厨1卫,高楼层 ,90.32,平层,精装
465.0,50704,"['通州', '武夷花园']",2室1厅1厨1卫,低楼层 ,91.71,平层,精装
265.0,27030,"['通州', '马驹桥']",2室1厅1厨2卫,中楼层 ,98.04,平层,精装
330.0,32458,"['通州', '武夷花园']",2室1厅1厨2卫,高楼层 ,101.67,平层,精装
800.0,45355,"['通州', '北关']",3室2厅1厨2卫,高楼层 ,176.39,平层,其他
439.0,34486,"['通州', '武夷花园']",3室1厅1厨2卫,高楼层 ,127.3,复式,简装
253.0,34282,"['通州', '通州其它']",2室1厅1厨1卫,低楼层 ,73.8,平层,精装
202.0,32508,"['通州', '果园']",2室1厅1厨1卫,高楼层 ,62.14,平层,简装
205.0,32483,"['通州', '马驹桥']",1室1厅1厨1卫,中楼层 ,63.11,平层,精装
185.0,36692,"['通州', '梨园']",1室0厅1厨1卫,底层 ,50.42,平层,简装
480.0,68837,"['通州', '万达']",1室1厅1厨1卫,中楼层 ,69.73,平层,精装
308.0,48141,"['通州', '武夷花园']",1室1厅1厨1卫,中楼层 ,63.98,平层,精装
428.0,54943,"['通州', '武夷花园']",2室1厅1厨1卫,低楼层 ,77.9,平层,精装
475.0,34104,"['通州', '通州其它']",4室2厅1厨2卫,中楼层 ,139.28,平层,毛坯
283.0,37941,"['通州', '武夷花园']",1室1厅1厨1卫,低楼层 ,74.59,平层,精装
183.0,37944,"['通州', '果园']",1室0厅1厨1卫,低楼层 ,48.23,平层,精装
168.0,25673,"['通州', '果园']",1室1厅1厨1卫,低楼层 ,65.44,平层,精装
365.0,38393,"['通州', '果园']",2室2厅1厨1卫,低楼层 ,95.07,平层,精装
173.0,37922,"['通州', '果园']",1室0厅1厨1卫,中楼层 ,45.62,平层,精装
340.0,37867,"['通州', '九棵树(家乐福)']",2室1厅1厨1卫,高楼层 ,89.79,平层,简装
169.0,52177,"['通州', '临河里']",1室1厅1厨1卫,中楼层 ,32.39,平层,精装
205.0,40283,"['通州', '北关']",1室1厅1厨1卫,低楼层 ,50.89,平层,简装
205.0,27020,"['通州', '通州北苑']",2室1厅1厨1卫,顶层 ,75.87,平层,简装
154.0,31984,"['通州', '通州北苑']",1室1厅1厨1卫,低楼层 ,48.15,平层,精装
268.0,31970,"['通州', '通州其它']",2室1厅1厨1卫,底层 ,83.83,平层,精装
200.0,25177,"['通州', '梨园']",1室1厅1厨1卫,顶层 ,79.44,平层,简装
185.0,46124,"['通州', '潞苑']",1室1厅1厨1卫,低楼层 ,40.11,平层,精装
240.0,37826,"['通州', '临河里']",1室1厅1厨1卫,高楼层 ,63.45,平层,精装
160.0,32574,"['通州', '通州北苑']",1室0厅1厨1卫,中楼层 ,49.12,平层,精装
338.0,42774,"['通州', '万达']",1室1厅1厨1卫,高楼层 ,79.02,平层,精装
208.0,34569,"['通州', '万达']",2室1厅1厨1卫,底层 ,60.17,平层,简装
218.0,34461,"['通州', '九棵树(家乐福)']",2室1厅1厨1卫,顶层 ,63.26,平层,精装
165.0,37723,"['通州', '通州北苑']",1室0厅1厨1卫,高楼层 ,43.74,平层,毛坯
363.0,47414,"['通州', '玉桥']",2室1厅1厨1卫,中楼层 ,76.56,平层,简装
265.0,28192,"['通州', '梨园']",2室1厅1厨1卫,高楼层 ,94.0,平层,简装
190.0,22668,"['通州', '通州其它']",2室1厅1厨1卫,底层 ,83.82,平层,简装
580.0,63541,"['通州', '九棵树(家乐福)']",3室1厅1厨1卫,高楼层 ,91.28,平层,精装
242.0,28948,"['通州', '马驹桥']",2室1厅1厨1卫,中楼层 ,83.6,平层,精装
309.0,36192,"['通州', '九棵树(家乐福)']",3室1厅1厨1卫,低楼层 ,85.38,平层,简装
437.0,47127,"['通州', '玉桥']",2室2厅1厨2卫,中楼层 ,92.73,平层,简装
208.0,29083,"['通州', '通州其它']",2室1厅1厨1卫,低楼层 ,71.52,平层,精装
376.0,38403,"['通州', '万达']",2室1厅1厨1卫,低楼层 ,97.91,平层,精装
520.0,47646,"['通州', '通州北苑']",2室2厅1厨2卫,高楼层 ,109.14,平层,精装
348.0,38758,"['通州', '梨园']",2室1厅1厨1卫,中楼层 ,89.79,平层,简装
385.0,35702,"['通州', '通州其它']",2室1厅1厨1卫,低楼层 ,107.84,平层,精装
630.0,71951,"['通州', '武夷花园']",3室2厅1厨1卫,顶层 ,87.56,平层,精装
539.0,43986,"['通州', '果园']",3室2厅1厨2卫,底层 ,122.54,平层,精装
348.0,39318,"['通州', '梨园']",2室1厅1厨1卫,中楼层 ,88.51,平层,简装
200.0,24492,"['通州', '通州其它']",2室2厅1厨1卫,中楼层 ,81.66,平层,精装
351.0,41101,"['通州', '武夷花园']",2室2厅1厨1卫,中楼层 ,85.4,平层,精装
446.0,50943,"['通州', '临河里']",2室1厅1厨1卫,低楼层 ,87.55,平层,精装
358.0,43242,"['通州', '临河里']",2室1厅1厨1卫,中楼层 ,82.79,平层,精装
210.0,30018,"['通州', '马驹桥']",1室1厅1厨1卫,顶层 ,69.96,复式,精装
375.0,46759,"['通州', '万达']",2室1厅1厨1卫,高楼层 ,80.2,平层,精装
388.0,42888,"['通州', '果园']",2室1厅1厨1卫,中楼层 ,90.47,平层,简装
305.0,40376,"['通州', '北关']",2室1厅1厨1卫,中楼层 ,75.54,平层,精装
315.0,38187,"['通州', '九棵树(家乐福)']",2室1厅1厨1卫,中楼层 ,82.49,平层,精装
315.0,37689,"['通州', '潞苑']",2室1厅1厨1卫,低楼层 ,83.58,平层,精装
470.0,50171,"['通州', '通州其它']",3室1厅1厨1卫,中楼层 ,93.68,平层,精装
319.0,35763,"['通州', '九棵树(家乐福)']",2室1厅1厨1卫,中楼层 ,89.2,平层,精装
220.0,30697,"['通州', '通州其它']",1室1厅1厨1卫,中楼层 ,71.67,平层,精装
398.0,35856,"['通州', '通州北苑']",3室1厅1厨2卫,低楼层 ,111.0,平层,精装
585.0,48137,"['通州', '武夷花园']",3室1厅1厨2卫,中楼层 ,121.53,平层,精装
190.0,29308,"['通州', '通州其它']",2室1厅1厨1卫,中楼层 ,64.83,平层,简装
358.0,40343,"['通州', '北关']",3室1厅1厨1卫,高楼层 ,88.74,平层,精装
285.0,31087,"['通州', '九棵树(家乐福)']",2室1厅1厨1卫,低楼层 ,91.68,平层,简装
295.0,33188,"['通州', '梨园']",3室2厅1厨1卫,顶层 ,88.89,平层,精装
688.0,78629,"['通州', '武夷花园']",3室2厅1厨1卫,高楼层 ,87.5,平层,精装
161.0,16318,"['通州', '通州北苑']",3室1厅1厨1卫,地下室 ,98.67,平层,精装
350.0,39978,"['通州', '梨园']",2室1厅1厨1卫,高楼层 ,87.55,平层,精装
370.0,43255,"['通州', '武夷花园']",2室1厅1厨1卫,中楼层 ,85.54,平层,精装
445.0,45119,"['通州', '通州北苑']",2室2厅1厨1卫,低楼层 ,98.63,平层,精装
418.0,45960,"['通州', '临河里']",2室1厅1厨1卫,中楼层 ,90.95,平层,简装
425.0,47354,"['通州', '临河里']",2室2厅1厨1卫,高楼层 ,89.75,平层,精装
245.0,36206,"['通州', '梨园']",2室1厅1厨1卫,中楼层 ,67.67,平层,简装
240.0,37060,"['通州', '通州其它']",1室2厅1厨1卫,高楼层 ,64.76,平层,简装
345.0,38411,"['通州', '马驹桥']",3室1厅1厨1卫,低楼层 ,89.82,平层,精装
219.0,38962,"['通州', '临河里']",2室1厅1厨1卫,中楼层 ,56.21,平层,精装
255.0,34349,"['通州', '玉桥']",2室1厅1厨1卫,高楼层 ,74.24,平层,精装
189.0,32813,"['通州', '万达']",2室1厅1厨1卫,底层 ,57.6,平层,简装
338.0,39035,"['通州', '临河里']",2室1厅1厨1卫,中楼层 ,86.59,平层,精装
336.0,41559,"['通州', '果园']",2室1厅1厨1卫,底层 ,80.85,平层,简装
237.0,26954,"['通州', '马驹桥']",2室1厅1厨1卫,低楼层 ,87.93,平层,简装
288.0,41185,"['通州', '潞苑']",1室1厅1厨1卫,中楼层 ,69.93,平层,精装
460.0,49320,"['通州', '武夷花园']",2室2厅1厨1卫,顶层 ,93.27,平层,精装
375.0,42017,"['通州', '北关']",3室1厅1厨1卫,高楼层 ,89.25,平层,毛坯
465.0,46904,"['通州', '通州北苑']",2室2厅1厨1卫,中楼层 ,99.14,平层,精装
459.0,49995,"['通州', '临河里']",2室2厅1厨1卫,中楼层 ,91.81,平层,精装
368.0,33861,"['通州', '果园']",3室1厅1厨1卫,低楼层 ,108.68,平层,精装
385.0,37576,"['通州', '万达']",2室1厅1厨1卫,高楼层 ,102.46,平层,精装
336.0,36550,"['通州', '九棵树(家乐福)']",2室2厅1厨1卫,中楼层 ,91.93,平层,精装
418.0,46486,"['通州', '武夷花园']",2室1厅1厨1卫,中楼层 ,89.92,平层,简装
185.0,30706,"['通州', '通州北苑']",2室1厅1厨1卫,中楼层 ,60.25,平层,简装
190.0,33246,"['通州', '果园']",2室1厅1厨1卫,低楼层 ,57.15,平层,简装
298.0,35460,"['通州', '临河里']",3室1厅1厨1卫,高楼层 ,84.04,平层,精装
223.0,31413,"['通州', '通州其它']",2室1厅1厨1卫,中楼层 ,70.99,平层,精装
435.0,40394,"['通州', '万达']",2室1厅1厨1卫,中楼层 ,107.69,平层,精装
208.0,32710,"['通州', '潞苑']",1室1厅1厨1卫,高楼层 ,63.59,平层,简装
495.0,53875,"['通州', '九棵树(家乐福)']",3室1厅1厨1卫,低楼层 ,91.88,平层,简装
449.0,47620,"['通州', '临河里']",3室1厅1厨1卫,高楼层 ,94.29,平层,精装
399.0,55386,"['通州', '武夷花园']",2室1厅1厨1卫,中楼层 ,72.04,平层,精装
485.0,50317,"['通州', '玉桥']",2室2厅1厨1卫,低楼层 ,96.39,错层,简装
380.0,55932,"['通州', '武夷花园']",1室1厅1厨1卫,中楼层 ,67.94,平层,精装
339.0,42144,"['通州', '果园']",2室1厅1厨1卫,低楼层 ,80.44,平层,简装
199.0,34766,"['通州', '乔庄']",2室1厅1厨1卫,顶层 ,57.24,平层,简装
430.0,48391,"['通州', '潞苑']",2室1厅1厨1卫,低楼层 ,88.86,平层,精装
230.0,32694,"['通州', '玉桥']",2室1厅1厨1卫,中楼层 ,70.35,平层,简装
175.0,31284,"['通州', '万达']",2室1厅1厨1卫,顶层 ,55.94,平层,精装
585.0,65879,"['通州', '万达']",2室1厅1厨1卫,高楼层 ,88.8,平层,精装
798.0,53810,"['通州', '玉桥']",3室1厅1厨2卫,中楼层 ,148.3,平层,精装
416.0,46279,"['通州', '武夷花园']",3室1厅1厨1卫,高楼层 ,89.89,平层,精装
269.0,37022,"['通州', '通州北苑']",2室1厅1厨1卫,低楼层 ,72.66,平层,精装
254.0,31448,"['通州', '玉桥']",2室1厅1厨1卫,低楼层 ,80.77,平层,简装
353.0,37929,"['通州', '九棵树(家乐福)']",2室1厅1厨1卫,顶层 ,93.07,复式,精装
378.0,38572,"['通州', '果园']",2室2厅1厨2卫,底层 ,98.0,平层,精装
162.0,36145,"['通州', '果园']",1室0厅1厨1卫,高楼层 ,44.82,平层,精装
1550.0,56018,"['通州', '北关']",6室3厅1厨5卫,底层 ,276.7,复式,精装
165.0,39137,"['通州', '临河里']",1室0厅1厨1卫,低楼层 ,42.16,平层,简装
145.0,33151,"['通州', '通州北苑']",1室0厅1厨1卫,高楼层 ,43.74,平层,精装
160.0,31497,"['通州', '临河里']",1室1厅1厨1卫,低楼层 ,50.8,平层,精装
243.0,32203,"['通州', '梨园']",2室1厅1厨1卫,高楼层 ,75.46,平层,精装
228.0,33174,"['通州', '九棵树(家乐福)']",1室1厅1厨1卫,低楼层 ,68.73,平层,精装
200.0,34335,"['通州', '武夷花园']",1室0厅1厨1卫,低楼层 ,58.25,平层,简装
189.0,38407,"['通州', '乔庄']",1室0厅1厨1卫,低楼层 ,49.21,平层,精装
138.0,42818,"['通州', '果园']",1室1厅1厨1卫,高楼层 ,32.23,平层,简装
286.0,39476,"['通州', '通州北苑']",1室0厅1厨1卫,中楼层 ,72.45,平层,精装
200.0,40808,"['通州', '玉桥']",1室1厅1厨1卫,中楼层 ,49.01,平层,简装
151.0,40407,"['通州', '果园']",1室0厅1厨1卫,高楼层 ,37.37,平层,精装
145.0,16156,"['通州', '通州其它']",2室2厅1厨1卫,顶层 ,89.75,平层,精装
530.0,50506,"['通州', '武夷花园']",2室1厅1厨1卫,高楼层 ,104.94,平层,简装
292.0,39853,"['通州', '临河里']",2室1厅1厨1卫,高楼层 ,73.27,平层,精装
360.0,45484,"['通州', '马驹桥']",2室1厅1厨1卫,低楼层 ,79.15,平层,精装
385.0,32148,"['通州', '通州其它']",3室2厅1厨2卫,低楼层 ,119.76,平层,毛坯
535.0,40271,"['通州', '北关']",2室1厅1厨2卫,低楼层 ,132.85,平层,精装
268.0,46215,"['通州', '梨园']",1室1厅1厨1卫,高楼层 ,57.99,平层,精装
113.0,14156,"['通州', '通州其它']",2室2厅1厨1卫,中楼层 ,79.83,平层,毛坯
108.0,25617,"['通州', '北关']",1室1厅1厨1卫,低楼层 ,42.16,平层,精装
185.0,31760,"['通州', '武夷花园']",1室0厅1厨1卫,高楼层 ,58.25,平层,简装
360.0,31294,"['通州', '武夷花园']",3室1厅1厨2卫,高楼层 ,115.04,平层,精装
175.0,26978,"['通州', '通州其它']",2室1厅1厨1卫,底层 ,64.87,平层,精装
152.0,30486,"['通州', '通州北苑']",1室0厅1厨1卫,低楼层 ,49.86,平层,精装
169.0,38638,"['通州', '通州北苑']",1室1厅1厨1卫,高楼层 ,43.74,平层,精装
333.0,43124,"['通州', '马驹桥']",2室1厅1厨1卫,低楼层 ,77.22,平层,精装
455.0,39269,"['通州', '万达']",2室1厅1厨1卫,中楼层 ,115.87,平层,精装
173.0,28440,"['通州', '通州北苑']",2室1厅1厨1卫,底层 ,60.83,平层,简装
330.0,32315,"['通州', '梨园']",2室2厅1厨1卫,中楼层 ,102.12,平层,简装
642.0,50365,"['通州', '临河里']",3室1厅1厨2卫,高楼层 ,127.47,平层,简装
334.0,35650,"['通州', '梨园']",3室1厅1厨1卫,底层 ,93.69,平层,简装
550.0,51045,"['通州', '武夷花园']",2室2厅1厨2卫,中楼层 ,107.75,错层,精装
396.0,39236,"['通州', '通州北苑']",2室1厅1厨1卫,低楼层 ,100.93,平层,精装
175.0,31819,"['通州', '北关']",1室0厅1厨1卫,低楼层 ,55.0,平层,其他
358.0,33676,"['通州', '通州其它']",3室2厅1厨1卫,中楼层 ,106.31,平层,精装
348.0,36756,"['通州', '北关']",2室1厅1厨1卫,低楼层 ,94.68,平层,简装
366.0,39279,"['通州', '临河里']",2室1厅1厨1卫,低楼层 ,93.18,平层,精装
245.0,37422,"['通州', '通州北苑']",2室1厅1厨1卫,低楼层 ,65.47,平层,精装
482.0,44359,"['通州', '武夷花园']",2室2厅1厨1卫,低楼层 ,108.66,平层,精装
288.0,32694,"['通州', '九棵树(家乐福)']",2室1厅1厨2卫,高楼层 ,88.09,平层,简装
380.0,47536,"['通州', '马驹桥']",2室1厅1厨1卫,顶层 ,79.94,平层,精装
330.0,36675,"['通州', '通州北苑']",2室2厅1厨1卫,顶层 ,89.98,平层,简装
289.0,39541,"['通州', '九棵树(家乐福)']",2室1厅1厨1卫,高楼层 ,73.09,平层,精装
235.0,26590,"['通州', '九棵树(家乐福)']",2室1厅1厨1卫,底层 ,88.38,平层,精装
295.0,38684,"['通州', '万达']",2室1厅1厨1卫,底层 ,76.26,平层,毛坯
335.0,39357,"['通州', '通州北苑']",3室1厅1厨1卫,中楼层 ,85.12,平层,精装
239.0,22933,"['通州', '潞苑']",3室1厅1厨1卫,高楼层 ,104.22,平层,简装
425.0,45436,"['通州', '潞苑']",3室1厅1厨1卫,中楼层 ,93.54,平层,简装
360.0,39319,"['通州', '潞苑']",3室1厅1厨1卫,高楼层 ,91.56,平层,简装
270.0,34532,"['通州', '潞苑']",2室1厅1厨1卫,中楼层 ,78.19,平层,精装
389.0,45819,"['通州', '果园']",2室1厅1厨1卫,中楼层 ,84.9,平层,精装
245.0,29487,"['通州', '通州北苑']",2室1厅1厨1卫,低楼层 ,83.09,平层,精装
225.0,34045,"['通州', '果园']",1室1厅1厨1卫,底层 ,66.09,平层,简装
359.0,36923,"['通州', '武夷花园']",2室1厅1厨1卫,低楼层 ,97.23,平层,精装
210.0,29860,"['通州', '通州其它']",2室1厅1厨1卫,中楼层 ,70.33,平层,简装
235.0,36480,"['通州', '潞苑']",2室1厅1厨1卫,中楼层 ,64.42,平层,简装
212.0,33877,"['通州', '马驹桥']",1室1厅1厨1卫,中楼层 ,62.58,平层,精装
265.0,33875,"['通州', '梨园']",2室1厅1厨1卫,低楼层 ,78.23,平层,精装
148.0,33214,"['通州', '万达']",1室1厅1厨2卫,低楼层 ,44.56,复式,精装
338.0,35985,"['通州', '九棵树(家乐福)']",2室1厅1厨1卫,中楼层 ,93.93,平层,简装
189.0,27344,"['通州', '通州北苑']",2室1厅1厨1卫,顶层 ,69.12,平层,简装
235.0,31384,"['通州', '通州北苑']",2室1厅1厨1卫,底层 ,74.88,平层,简装
280.0,37665,"['通州', '潞苑']",2室1厅1厨1卫,中楼层 ,74.34,平层,简装
172.0,30097,"['通州', '果园']",2室1厅1厨1卫,顶层 ,57.15,平层,简装
183.0,34791,"['通州', '万达']",2室1厅1厨1卫,低楼层 ,52.6,平层,简装
335.0,39599,"['通州', '梨园']",2室1厅1厨1卫,低楼层 ,84.6,平层,简装
315.0,46297,"['通州', '北关']",3室1厅1厨1卫,中楼层 ,68.04,平层,精装
303.0,46028,"['通州', '梨园']",1室1厅1厨1卫,顶层 ,65.83,平层,精装
196.0,43383,"['通州', '临河里']",1室1厅1厨1卫,低楼层 ,45.18,平层,精装
209.0,36273,"['通州', '果园']",2室1厅1厨1卫,中楼层 ,57.62,平层,简装
359.0,39261,"['通州', '临河里']",3室1厅1厨1卫,低楼层 ,91.44,平层,简装
285.0,36209,"['通州', '临河里']",2室1厅1厨1卫,高楼层 ,78.71,平层,简装
285.0,36937,"['通州', '潞苑']",2室1厅1厨1卫,中楼层 ,77.16,平层,简装
110.0,15272,"['通州', '通州其它']",2室1厅1厨1卫,顶层 ,72.03,平层,毛坯
925.0,65483,"['通州', '万达']",3室2厅1厨2卫,中楼层 ,141.26,平层,精装
448.0,41729,"['通州', '万达']",2室2厅1厨1卫,高楼层 ,107.36,平层,精装
330.0,37984,"['通州', '玉桥']",3室1厅1厨1卫,高楼层 ,86.88,平层,简装
289.0,37626,"['通州', '潞苑']",2室1厅1厨1卫,高楼层 ,76.81,平层,精装
383.0,40633,"['通州', '九棵树(家乐福)']",2室1厅1厨1卫,中楼层 ,94.26,平层,精装
518.0,58532,"['通州', '潞苑']",3室1厅1厨1卫,中楼层 ,88.5,平层,精装
310.0,42046,"['通州', '玉桥']",3室1厅1厨1卫,底层 ,73.73,平层,简装
359.0,38294,"['通州', '果园']",2室2厅1厨1卫,低楼层 ,93.75,平层,简装
575.0,43456,"['通州', '果园']",3室2厅1厨2卫,高楼层 ,132.32,平层,简装
266.0,29283,"['通州', '马驹桥']",2室1厅1厨1卫,中楼层 ,90.84,平层,简装
307.0,44930,"['通州', '通州北苑']",2室1厅1厨1卫,高楼层 ,68.33,平层,精装
338.0,34368,"['通州', '梨园']",2室2厅1厨1卫,中楼层 ,98.35,平层,精装
220.0,37925,"['通州', '临河里']",1室1厅1厨1卫,高楼层 ,58.01,平层,简装
435.0,49534,"['通州', '武夷花园']",2室1厅1厨1卫,中楼层 ,87.82,平层,简装
382.0,42266,"['通州', '临河里']",2室1厅1厨1卫,低楼层 ,90.38,平层,精装
340.0,34306,"['通州', '北关']",2室1厅1厨1卫,低楼层 ,99.11,平层,精装
305.0,40079,"['通州', '武夷花园']",2室1厅1厨1卫,中楼层 ,76.1,平层,简装
249.0,38285,"['通州', '九棵树(家乐福)']",1室1厅1厨1卫,中楼层 ,65.04,平层,简装
345.0,38817,"['通州', '九棵树(家乐福)']",2室2厅1厨1卫,中楼层 ,88.88,平层,精装
239.0,28967,"['通州', '梨园']",2室1厅1厨1卫,顶层 ,82.51,平层,精装
249.0,32234,"['通州', '通州其它']",3室2厅1厨1卫,中楼层 ,77.25,平层,简装
285.0,35194,"['通州', '潞苑']",2室1厅1厨1卫,高楼层 ,80.98,平层,简装
288.0,38126,"['通州', '北关']",2室1厅1厨1卫,中楼层 ,75.54,平层,简装
218.0,32073,"['通州', '北关']",1室1厅1厨1卫,低楼层 ,67.97,平层,其他
155.0,31953,"['通州', '通州北苑']",1室1厅1厨1卫,低楼层 ,48.51,平层,精装
363.0,38866,"['通州', '潞苑']",2室1厅1厨1卫,高楼层 ,93.4,平层,简装
528.0,50267,"['通州', '梨园']",2室2厅1厨2卫,中楼层 ,105.04,平层,精装
338.0,36740,"['通州', '九棵树(家乐福)']",2室1厅1厨2卫,中楼层 ,92.0,平层,精装
215.0,34434,"['通州', '万达']",2室1厅1厨1卫,底层 ,62.44,平层,精装
448.0,49400,"['通州', '玉桥']",2室2厅1厨1卫,低楼层 ,90.69,平层,简装
236.0,39859,"['通州', '九棵树(家乐福)']",1室1厅1厨1卫,顶层 ,59.21,平层,精装
279.0,52228,"['通州', '武夷花园']",1室0厅1厨1卫,底层 ,53.42,平层,精装
520.0,46375,"['通州', '玉桥']",3室1厅1厨2卫,高楼层 ,112.13,平层,精装
310.0,41830,"['通州', '万达']",2室1厅1厨1卫,高楼层 ,74.11,平层,简装
215.0,42983,"['通州', '万达']",2室1厅1厨1卫,中楼层 ,50.02,平层,简装
480.0,50527,"['通州', '武夷花园']",2室1厅1厨1卫,中楼层 ,95.0,平层,简装
294.0,51525,"['通州', '武夷花园']",1室1厅1厨1卫,高楼层 ,57.06,平层,精装
308.0,38467,"['通州', '万达']",2室1厅1厨1卫,中楼层 ,80.07,平层,简装
459.0,47649,"['通州', '武夷花园']",2室1厅1厨1卫,中楼层 ,96.33,平层,精装
169.0,31015,"['通州', '万达']",2室1厅1厨1卫,顶层 ,54.49,平层,简装
419.0,51204,"['通州', '武夷花园']",2室1厅1厨1卫,低楼层 ,81.83,平层,精装
530.0,40179,"['通州', '万达']",3室2厅1厨2卫,高楼层 ,131.91,平层,精装
202.0,34383,"['通州', '乔庄']",1室1厅1厨1卫,中楼层 ,58.75,平层,简装
369.0,38664,"['通州', '武夷花园']",2室1厅1厨1卫,底层 ,95.44,平层,精装
345.0,36942,"['通州', '玉桥']",3室2厅1厨1卫,底层 ,93.39,平层,简装
445.0,42552,"['通州', '通州北苑']",2室1厅1厨1卫,中楼层 ,104.58,平层,简装
598.0,43428,"['通州', '果园']",3室2厅1厨2卫,中楼层 ,137.7,平层,简装
628.0,43153,"['通州', '通州北苑']",3室2厅1厨2卫,中楼层 ,145.53,平层,简装
269.0,42476,"['通州', '果园']",2室1厅1厨1卫,中楼层 ,63.33,平层,精装
310.0,36989,"['通州', '武夷花园']",2室1厅1厨1卫,低楼层 ,83.81,平层,简装
369.0,43700,"['通州', '武夷花园']",2室1厅1厨1卫,中楼层 ,84.44,平层,精装
215.0,40567,"['通州', '万达']",2室1厅1厨1卫,中楼层 ,53.0,平层,简装
312.0,50347,"['通州', '万达']",2室1厅1厨1卫,底层 ,61.97,平层,简装
499.0,39276,"['通州', '临河里']",3室2厅1厨2卫,低楼层 ,127.05,错层,精装
489.0,46772,"['通州', '武夷花园']",2室2厅1厨2卫,中楼层 ,104.55,平层,精装
890.0,50226,"['通州', '临河里']",3室1厅1厨2卫,中楼层 ,177.2,平层,精装
372.0,43719,"['通州', '玉桥']",2室1厅1厨1卫,低楼层 ,85.09,平层,精装
300.0,31613,"['通州', '万达']",2室2厅1厨1卫,低楼层 ,94.9,平层,简装
85.0,23540,"['通州', '通州其它']",3房间2卫,高楼层 ,36.11,复式,精装
89.0,15180,"['通州', '马驹桥']",3房间1卫,高楼层 ,58.63,暂无数据,其他
119.0,29566,"['通州', '通州其它']",2房间2卫,低楼层 ,40.25,复式,精装
66.0,12610,"['通州', '临河里']",2房间1卫,中楼层 ,52.34,平层,简装
163.0,31377,"['通州', '通州其它']",3房间2卫,高楼层 ,51.95,复式,其他
165.0,37373,"['通州', '北关']",2房间2卫,顶层 ,44.15,复式,精装
99.0,19447,"['通州', '通州其它']",3房间1卫,低楼层 ,50.91,复式,精装
80.0,15285,"['通州', '临河里']",3房间1卫,顶层 ,52.34,复式,精装
56.0,14565,"['通州', '通州其它']",1房间0卫,中楼层 ,38.45,平层,简装
108.0,23327,"['通州', '通州其它']",4房间2卫,低楼层 ,46.3,复式,精装
168.0,18881,"['通州', '通州其它']",3房间1卫,中楼层 ,88.98,平层,精装
146.0,15938,"['通州', '通州其它']",3房间1卫,低楼层 ,91.61,平层,简装
150.0,30061,"['通州', '通州其它']",2房间1卫,中楼层 ,49.9,复式,精装
59.7,15253,"['通州', '通州其它']",1房间1卫,高楼层 ,39.14,平层,精装
105.0,16578,"['通州', '临河里']",1房间1卫,中楼层 ,63.34,平层,精装
123.0,21466,"['通州', '通州其它']",4房间2卫,中楼层 ,57.3,复式,精装
73.0,11915,"['通州', '通州其它']",2房间1卫,顶层 ,61.27,平层,精装
135.0,14737,"['通州', '通州其它']",4房间1卫,底层 ,91.61,平层,精装
82.0,22169,"['通州', '通州其它']",3房间1卫,底层 ,36.99,复式,其他
228.0,26046,"['通州', '通州其它']",4房间2卫,中楼层 ,87.54,复式,精装
105.0,20706,"['通州', '通州其它']",3房间1卫,低楼层 ,50.71,复式,其他
534.0,40379,"['通州', '梨园']",3室2厅1厨2卫,低楼层 ,132.25,平层,简装
519.0,33497,"['通州', '通州其它']",6室2厅2厨2卫,底层 ,154.94,复式,简装
590.0,42325,"['通州', '北关']",3室2厅1厨2卫,低楼层 ,139.4,平层,精装
598.0,47397,"['通州', '临河里']",3室2厅1厨1卫,中楼层 ,126.17,平层,简装
528.0,51664,"['通州', '梨园']",2室1厅1厨2卫,高楼层 ,102.2,平层,精装
448.0,40624,"['通州', '武夷花园']",3室1厅1厨1卫,高楼层 ,110.28,跃层,其他
620.0,48212,"['通州', '武夷花园']",3室2厅1厨1卫,高楼层 ,128.6,平层,精装
738.0,56114,"['通州', '武夷花园']",3室1厅1厨2卫,高楼层 ,131.52,错层,简装
399.0,42697,"['通州', '九棵树(家乐福)']",2室2厅1厨1卫,高楼层 ,93.45,平层,其他
435.0,39218,"['通州', '九棵树(家乐福)']",3室1厅1厨2卫,中楼层 ,110.92,平层,精装
340.0,33821,"['通州', '果园']",3室2厅1厨1卫,顶层 ,100.53,平层,简装
469.0,35890,"['通州', '北关']",3室1厅1厨2卫,高楼层 ,130.68,平层,精装
810.0,39989,"['通州', '潞苑']",4室2厅1厨4卫,中楼层 ,202.56,跃层,精装
808.0,30069,"['通州', '通州其它']",5室2厅1厨2卫,底层 ,268.72,复式,精装
262.0,33317,"['通州', '马驹桥']",2室1厅1厨1卫,低楼层 ,78.64,平层,精装
223.0,32263,"['通州', '通州北苑']",2室1厅1厨1卫,中楼层 ,69.12,平层,简装
330.0,65025,"['通州', '武夷花园']",1室1厅1厨1卫,中楼层 ,50.75,平层,其他
369.0,47272,"['通州', '临河里']",2室1厅1厨1卫,低楼层 ,78.06,平层,精装
182.0,40409,"['通州', '临河里']",1室1厅1厨1卫,中楼层 ,45.04,平层,精装
325.0,32782,"['通州', '果园']",2室2厅1厨1卫,高楼层 ,99.14,复式,精装
352.0,38865,"['通州', '潞苑']",3室1厅1厨1卫,低楼层 ,90.57,平层,简装
279.0,39202,"['通州', '临河里']",2室2厅1厨1卫,高楼层 ,71.17,平层,精装
318.0,38098,"['通州', '潞苑']",2室2厅1厨1卫,低楼层 ,83.47,平层,精装
363.0,35223,"['通州', '九棵树(家乐福)']",3室2厅1厨1卫,中楼层 ,103.06,平层,简装
510.0,36276,"['通州', '通州其它']",4室1厅1厨2卫,中楼层 ,140.59,平层,精装
439.0,36351,"['通州', '潞苑']",2室1厅1厨2卫,低楼层 ,120.77,错层,精装
380.0,38400,"['通州', '马驹桥']",3室1厅1厨1卫,高楼层 ,98.96,平层,其他
310.0,32265,"['通州', '梨园']",2室1厅1厨1卫,顶层 ,96.08,复式,简装
470.0,54830,"['通州', '通州其它']",2室1厅1厨1卫,中楼层 ,85.72,平层,其他
340.0,37483,"['通州', '潞苑']",3室1厅1厨1卫,低楼层 ,90.71,平层,精装
498.0,56540,"['通州', '武夷花园']",2室1厅1厨1卫,高楼层 ,88.08,平层,精装
550.0,39623,"['通州', '玉桥']",4室1厅1厨2卫,顶层 ,138.81,复式,简装
430.0,48759,"['通州', '通州其它']",3室1厅1厨1卫,中楼层 ,88.19,平层,其他
725.0,57164,"['通州', '武夷花园']",3室2厅1厨2卫,中楼层 ,126.83,错层,精装
409.0,48813,"['通州', '武夷花园']",2室1厅1厨1卫,高楼层 ,83.79,平层,简装
309.0,35359,"['通州', '九棵树(家乐福)']",2室1厅1厨1卫,中楼层 ,87.39,平层,简装
258.0,32913,"['通州', '北关']",2室1厅1厨1卫,底层 ,78.39,平层,其他
290.0,35847,"['通州', '临河里']",2室1厅1厨1卫,中楼层 ,80.9,平层,简装
205.0,46751,"['通州', '玉桥']",1室1厅1厨1卫,底层 ,43.85,平层,精装
269.0,35187,"['通州', '潞苑']",2室1厅1厨1卫,低楼层 ,76.45,平层,精装
615.0,53041,"['通州', '武夷花园']",3室2厅1厨2卫,高楼层 ,115.95,平层,简装
475.0,46319,"['通州', '通州北苑']",2室2厅1厨1卫,高楼层 ,102.55,平层,精装
379.0,45779,"['通州', '临河里']",2室1厅1厨1卫,中楼层 ,82.79,平层,简装
345.0,38561,"['通州', '马驹桥']",3室1厅1厨1卫,中楼层 ,89.47,平层,精装
550.0,41373,"['通州', '武夷花园']",3室1厅1厨2卫,高楼层 ,132.94,平层,精装
415.0,44126,"['通州', '梨园']",2室1厅1厨1卫,低楼层 ,94.05,平层,精装
265.0,37462,"['通州', '临河里']",2室1厅1厨1卫,顶层 ,70.74,平层,精装
260.0,39466,"['通州', '九棵树(家乐福)']",1室1厅1厨1卫,底层 ,65.88,平层,简装
375.0,49434,"['通州', '临河里']",2室1厅1厨1卫,中楼层 ,75.86,平层,精装
358.0,38791,"['通州', '梨园']",2室1厅1厨1卫,中楼层 ,92.29,平层,简装
376.0,37608,"['通州', '北关']",2室1厅1厨1卫,低楼层 ,99.98,平层,精装
348.0,30091,"['通州', '九棵树(家乐福)']",3室2厅1厨1卫,顶层 ,115.65,平层,简装
625.0,62645,"['通州', '武夷花园']",2室2厅1厨2卫,中楼层 ,99.77,平层,精装
485.0,49811,"['通州', '武夷花园']",3室2厅1厨1卫,中楼层 ,97.37,平层,精装
1028.0,54231,"['通州', '潞苑']",4室3厅1厨3卫,底层 ,189.56,跃层,精装
610.0,36756,"['通州', '通州其它']",4室2厅2厨1卫,低楼层 ,165.96,平层,精装
313.0,32534,"['通州', '果园']",2室1厅1厨1卫,低楼层 ,96.21,平层,简装
589.0,42660,"['通州', '九棵树(家乐福)']",3室2厅1厨2卫,中楼层 ,138.07,平层,精装
699.0,52321,"['通州', '武夷花园']",3室2厅1厨2卫,中楼层 ,133.6,平层,简装
425.0,38375,"['通州', '九棵树(家乐福)']",3室1厅1厨2卫,低楼层 ,110.75,平层,简装
468.0,37522,"['通州', '北关']",3室2厅1厨2卫,中楼层 ,124.73,平层,简装
628.0,34192,"['通州', '果园']",4室1厅1厨3卫,顶层 ,183.67,复式,简装
271.0,25847,"['通州', '潞苑']",3室1厅1厨1卫,中楼层 ,104.85,平层,简装
760.0,62229,"['通州', '武夷花园']",3室2厅1厨2卫,底层 ,122.13,错层,精装
450.0,31771,"['通州', '九棵树(家乐福)']",3室2厅1厨2卫,顶层 ,141.64,错层,精装
960.0,44244,"['通州', '潞苑']",4室2厅1厨3卫,底层 ,216.98,复式,简装
708.0,45522,"['通州', '武夷花园']",4室2厅1厨2卫,中楼层 ,155.53,跃层,精装
515.0,38842,"['通州', '梨园']",3室2厅1厨2卫,中楼层 ,132.59,平层,精装
345.0,38887,"['通州', '潞苑']",2室1厅1厨1卫,底层 ,88.72,平层,简装
530.0,42181,"['通州', '马驹桥']",3室2厅1厨2卫,高楼层 ,125.65,平层,简装
535.0,38133,"['通州', '通州北苑']",3室2厅1厨2卫,中楼层 ,140.3,平层,精装
319.0,37219,"['通州', '果园']",2室2厅1厨3卫,高楼层 ,85.71,复式,精装
646.0,36743,"['通州', '通州其它']",4室2厅1厨3卫,高楼层 ,175.82,复式,精装
620.0,44006,"['通州', '梨园']",3室2厅1厨2卫,中楼层 ,140.89,平层,其他
715.0,38630,"['通州', '武夷花园']",3室2厅1厨3卫,中楼层 ,185.09,跃层,精装
349.0,31270,"['通州', '潞苑']",2室2厅1厨1卫,中楼层 ,111.61,平层,简装
1250.0,36572,"['通州', '马驹桥']",4室2厅1厨5卫,底层 ,341.8,复式,精装
738.0,57571,"['通州', '武夷花园']",3室2厅1厨2卫,中楼层 ,128.19,平层,精装
585.0,40583,"['通州', '马驹桥']",3室2厅1厨1卫,低楼层 ,144.15,平层,简装
560.0,36324,"['通州', '武夷花园']",3室2厅1厨2卫,中楼层 ,154.17,平层,精装
258.0,28860,"['通州', '潞苑']",2室1厅1厨1卫,低楼层 ,89.4,平层,简装
245.0,26947,"['通州', '马驹桥']",2室1厅1厨1卫,顶层 ,90.92,平层,精装
420.0,46564,"['通州', '临河里']",3室1厅1厨1卫,低楼层 ,90.2,平层,精装
746.0,59786,"['通州', '武夷花园']",3室1厅1厨2卫,中楼层 ,124.78,错层,精装
239.0,30638,"['通州', '潞苑']",2室1厅1厨1卫,高楼层 ,78.01,平层,精装
700.0,51753,"['通州', '临河里']",3室1厅1厨2卫,中楼层 ,135.26,平层,精装
420.0,45568,"['通州', '临河里']",2室2厅1厨1卫,低楼层 ,92.17,平层,精装
1150.0,46409,"['通州', '马驹桥']",4室2厅1厨5卫,底层 ,247.8,跃层,精装
520.0,42038,"['通州', '乔庄']",3室2厅1厨2卫,低楼层 ,123.7,平层,简装
746.0,40428,"['通州', '马驹桥']",5室2厅1厨2卫,顶层 ,184.53,复式,精装
480.0,48831,"['通州', '梨园']",2室1厅1厨1卫,低楼层 ,98.3,平层,精装
204.8,33193,"['通州', '马驹桥']",1室1厅1厨1卫,低楼层 ,61.7,平层,精装
1000.0,45692,"['通州', '潞苑']",5室2厅1厨3卫,底层 ,218.86,跃层,其他
258.0,33464,"['通州', '马驹桥']",2室1厅1厨1卫,中楼层 ,77.1,平层,精装
352.0,39824,"['通州', '通州其它']",2室1厅1厨1卫,低楼层 ,88.39,平层,精装
349.0,39276,"['通州', '通州其它']",3室1厅1厨1卫,中楼层 ,88.86,平层,简装
435.0,36175,"['通州', '通州其它']",3室2厅1厨2卫,低楼层 ,120.25,平层,精装
257.0,33334,"['通州', '马驹桥']",2室1厅1厨1卫,低楼层 ,77.1,平层,简装
249.0,39956,"['通州', '梨园']",1室1厅1厨1卫,低楼层 ,62.32,平层,简装
295.0,32767,"['通州', '九棵树(家乐福)']",2室1厅1厨1卫,高楼层 ,90.03,平层,精装
359.0,38807,"['通州', '临河里']",3室1厅1厨1卫,高楼层 ,92.51,平层,精装
355.0,40218,"['通州', '马驹桥']",2室1厅1厨1卫,高楼层 ,88.27,平层,其他
239.0,35210,"['通州', '梨园']",2室1厅1厨1卫,顶层 ,67.88,平层,精装
555.0,61537,"['通州', '九棵树(家乐福)']",2室1厅1厨1卫,高楼层 ,90.19,平层,精装
278.0,29344,"['通州', '马驹桥']",2室2厅1厨1卫,中楼层 ,94.74,平层,简装
230.0,27171,"['通州', '通州其它']",2室1厅1厨1卫,高楼层 ,84.65,平层,其他
280.0,37625,"['通州', '武夷花园']",2室1厅1厨1卫,中楼层 ,74.42,平层,精装
535.0,58573,"['通州', '九棵树(家乐福)']",2室1厅1厨1卫,低楼层 ,91.34,平层,精装
279.0,31727,"['通州', '九棵树(家乐福)']",2室1厅1厨1卫,低楼层 ,87.94,平层,精装
350.0,41342,"['通州', '梨园']",2室1厅1厨1卫,中楼层 ,84.66,平层,精装
309.0,36773,"['通州', '马驹桥']",2室1厅1厨1卫,低楼层 ,84.03,平层,精装
409.0,45450,"['通州', '果园']",2室1厅1厨1卫,低楼层 ,89.99,平层,精装
319.0,37972,"['通州', '玉桥']",2室1厅1厨1卫,顶层 ,84.01,平层,精装
256.0,32307,"['通州', '马驹桥']",2室1厅1厨1卫,高楼层 ,79.24,平层,简装
390.0,25930,"['通州', '通州其它']",4室2厅1厨2卫,底层 ,150.41,复式,精装
500.0,39039,"['通州', '通州其它']",4室2厅1厨2卫,中楼层 ,128.08,平层,其他
880.0,48180,"['通州', '潞苑']",3室2厅1厨3卫,底层 ,182.65,跃层,精装
590.0,34831,"['通州', '马驹桥']",3室2厅1厨3卫,顶层 ,169.39,跃层,精装
499.0,30646,"['通州', '万达']",3室1厅1厨1卫,底层 ,162.83,平层,简装
680.0,51664,"['通州', '临河里']",3室2厅1厨1卫,低楼层 ,131.62,平层,其他
1000.0,40654,"['通州', '马驹桥']",5室2厅1厨2卫,底层 ,245.98,跃层,其他
530.0,37618,"['通州', '果园']",3室2厅1厨1卫,中楼层 ,140.89,平层,其他
458.0,38644,"['通州', '玉桥']",3室2厅1厨2卫,高楼层 ,118.52,平层,简装
645.0,49528,"['通州', '临河里']",3室1厅1厨2卫,低楼层 ,130.23,平层,精装
369.0,33440,"['通州', '梨园']",3室1厅1厨1卫,中楼层 ,110.35,平层,简装
752.0,48454,"['通州', '通州北苑']",3室2厅1厨2卫,中楼层 ,155.2,平层,精装
475.0,52261,"['通州', '通州其它']",3室2厅1厨1卫,高楼层 ,90.89,平层,精装
550.0,40917,"['通州', '马驹桥']",3室2厅1厨2卫,高楼层 ,134.42,平层,精装
456.0,41111,"['通州', '九棵树(家乐福)']",3室1厅1厨2卫,中楼层 ,110.92,平层,其他
1180.0,51819,"['通州', '九棵树(家乐福)']",4室2厅1厨2卫,低楼层 ,227.72,平层,精装
625.0,30309,"['通州', '马驹桥']",3室2厅1厨2卫,中楼层 ,206.21,跃层,精装
618.0,51634,"['通州', '潞苑']",3室2厅1厨2卫,中楼层 ,119.69,平层,毛坯
325.0,33932,"['通州', '梨园']",2室1厅1厨1卫,高楼层 ,95.78,平层,精装
399.0,57115,"['通州', '临河里']",3室1厅1厨2卫,顶层 ,69.86,复式,精装
663.0,40856,"['通州', '马驹桥']",4室2厅1厨3卫,中楼层 ,162.28,复式,其他
819.0,50744,"['通州', '临河里']",4室2厅1厨2卫,中楼层 ,161.4,平层,精装
366.0,56683,"['通州', '武夷花园']",1室1厅1厨1卫,高楼层 ,64.57,平层,精装
254.0,37871,"['通州', '通州北苑']",2室1厅1厨1卫,顶层 ,67.07,平层,精装
228.0,41797,"['通州', '果园']",2室1厅1厨1卫,顶层 ,54.55,平层,其他
258.0,43960,"['通州', '潞苑']",1室1厅1厨1卫,顶层 ,58.69,平层,简装
270.0,31761,"['通州', '临河里']",2室1厅1厨1卫,中楼层 ,85.01,平层,简装
395.0,40693,"['通州', '武夷花园']",2室1厅1厨1卫,高楼层 ,97.07,平层,简装
463.0,53354,"['通州', '潞苑']",2室1厅1厨1卫,中楼层 ,86.78,平层,精装
319.0,36136,"['通州', '梨园']",3室2厅1厨1卫,顶层 ,88.28,平层,毛坯
360.0,40282,"['通州', '临河里']",2室1厅1厨1卫,中楼层 ,89.37,平层,精装
365.0,40865,"['通州', '九棵树(家乐福)']",2室1厅1厨1卫,低楼层 ,89.32,平层,简装
459.0,51291,"['通州', '玉桥']",2室2厅1厨1卫,顶层 ,89.49,平层,精装
348.0,58439,"['通州', '通州北苑']",2室1厅1厨1卫,中楼层 ,59.55,复式,简装
380.0,40668,"['通州', '潞苑']",3室1厅1厨1卫,低楼层 ,93.44,平层,简装
256.0,35735,"['通州', '梨园']",3室1厅1厨1卫,中楼层 ,71.64,平层,简装
319.0,35747,"['通州', '潞苑']",3室2厅1厨1卫,中楼层 ,89.24,平层,精装
248.0,33591,"['通州', '北关']",2室1厅1厨1卫,底层 ,73.83,平层,简装
325.0,35633,"['通州', '通州北苑']",2室1厅1厨1卫,顶层 ,91.21,平层,精装
428.0,47859,"['通州', '临河里']",2室1厅1厨1卫,低楼层 ,89.43,平层,简装
287.0,32944,"['通州', '九棵树(家乐福)']",2室1厅1厨1卫,高楼层 ,87.12,平层,精装
340.0,45516,"['通州', '梨园']",2室1厅1厨1卫,高楼层 ,74.7,平层,简装
310.0,31604,"['通州', '马驹桥']",2室1厅1厨2卫,低楼层 ,98.09,平层,精装
235.0,32437,"['通州', '通州其它']",2室1厅1厨1卫,低楼层 ,72.45,平层,简装
475.0,51924,"['通州', '临河里']",2室1厅1厨1卫,低楼层 ,91.48,平层,精装
430.0,46653,"['通州', '临河里']",2室1厅1厨1卫,中楼层 ,92.17,平层,精装
314.0,34878,"['通州', '潞苑']",2室1厅1厨1卫,顶层 ,90.03,平层,简装
699.0,42226,"['通州', '武夷花园']",3室1厅1厨2卫,高楼层 ,165.54,平层,简装
329.0,36650,"['通州', '九棵树(家乐福)']",2室1厅1厨1卫,中楼层 ,89.77,平层,简装
585.0,42217,"['通州', '九棵树(家乐福)']",3室2厅1厨2卫,高楼层 ,138.57,平层,简装
626.0,51224,"['通州', '梨园']",3室1厅1厨2卫,中楼层 ,122.21,平层,精装
388.0,41089,"['通州', '梨园']",2室1厅1厨1卫,高楼层 ,94.43,平层,简装
460.0,49789,"['通州', '武夷花园']",2室2厅1厨1卫,低楼层 ,92.39,平层,简装
212.0,37096,"['通州', '梨园']",2室1厅1厨1卫,底层 ,57.15,平层,简装
265.0,40341,"['通州', '万达']",2室2厅1厨1卫,低楼层 ,65.69,平层,简装
469.0,47799,"['通州', '通州北苑']",2室2厅1厨1卫,低楼层 ,98.12,平层,简装
398.0,41650,"['通州', '武夷花园']",2室1厅1厨1卫,底层 ,95.56,平层,精装
369.0,38567,"['通州', '九棵树(家乐福)']",3室2厅1厨1卫,顶层 ,95.68,平层,精装
265.0,35367,"['通州', '通州其它']",2室1厅1厨1卫,低楼层 ,74.93,平层,精装
452.0,47519,"['通州', '潞苑']",2室1厅1厨1卫,低楼层 ,95.12,平层,简装
350.0,28433,"['通州', '乔庄']",2室1厅1厨1卫,低楼层 ,123.1,复式,简装
356.0,34617,"['通州', '梨园']",2室2厅1厨2卫,高楼层 ,102.84,平层,精装
375.0,35268,"['通州', '九棵树(家乐福)']",3室1厅1厨2卫,高楼层 ,106.33,平层,毛坯
435.0,38771,"['通州', '通州其它']",3室2厅1厨1卫,中楼层 ,112.2,平层,精装
312.0,35351,"['通州', '通州其它']",2室1厅1厨1卫,低楼层 ,88.26,平层,简装
345.0,39174,"['通州', '九棵树(家乐福)']",2室1厅1厨1卫,中楼层 ,88.07,平层,精装
425.0,46571,"['通州', '临河里']",2室2厅1厨1卫,高楼层 ,91.26,平层,精装
274.0,30690,"['通州', '九棵树(家乐福)']",2室1厅1厨1卫,中楼层 ,89.28,平层,简装
197.0,32195,"['通州', '通州北苑']",2室1厅1厨1卫,顶层 ,61.19,平层,简装
428.0,43532,"['通州', '玉桥']",2室1厅1厨1卫,低楼层 ,98.32,平层,简装
365.0,40239,"['通州', '潞苑']",3室1厅1厨1卫,低楼层 ,90.71,平层,精装
1380.0,35187,"['通州', '通州其它']",5室2厅1厨4卫,底层 ,392.2,复式,毛坯
283.0,41033,"['通州', '通州北苑']",2室1厅1厨1卫,中楼层 ,68.97,平层,精装
595.0,67900,"['通州', '万达']",2室1厅1厨1卫,中楼层 ,87.63,平层,精装
289.0,45743,"['通州', '临河里']",1室1厅1厨1卫,中楼层 ,63.18,平层,简装
432.0,40228,"['通州', '北关']",2室1厅1厨1卫,中楼层 ,107.39,平层,简装
312.0,34121,"['通州', '通州其它']",3室1厅1厨1卫,低楼层 ,91.44,平层,精装
342.0,36763,"['通州', '通州其它']",3室1厅1厨1卫,中楼层 ,93.03,平层,简装
378.0,51732,"['通州', '武夷花园']",2室1厅1厨1卫,中楼层 ,73.07,平层,精装
439.0,45156,"['通州', '梨园']",2室1厅1厨1卫,顶层 ,97.22,平层,精装
273.0,34628,"['通州', '潞苑']",2室1厅1厨1卫,中楼层 ,78.84,平层,精装
358.0,39792,"['通州', '九棵树(家乐福)']",2室1厅1厨1卫,中楼层 ,89.97,平层,简装
305.0,37328,"['通州', '通州北苑']",2室2厅1厨1卫,高楼层 ,81.71,平层,简装
289.0,50481,"['通州', '潞苑']",2室1厅1厨1卫,中楼层 ,57.25,平层,精装
345.0,33353,"['通州', '果园']",2室2厅1厨1卫,高楼层 ,103.44,复式,精装
231.0,33138,"['通州', '潞苑']",2室2厅1厨1卫,低楼层 ,69.71,平层,简装
338.0,25374,"['通州', '万达']",3室2厅1厨2卫,顶层 ,133.21,复式,精装
320.0,34851,"['通州', '果园']",2室2厅1厨1卫,高楼层 ,91.82,平层,精装
479.0,56734,"['通州', '通州其它']",2室1厅1厨1卫,中楼层 ,84.43,平层,精装
389.0,30684,"['通州', '马驹桥']",3室2厅1厨2卫,中楼层 ,126.78,平层,精装
368.0,28461,"['通州', '通州北苑']",3室1厅1厨2卫,底层 ,129.3,平层,简装
339.0,49167,"['通州', '通州北苑']",2室1厅1厨1卫,中楼层 ,68.95,平层,精装
398.0,41715,"['通州', '潞苑']",2室1厅1厨1卫,中楼层 ,95.41,平层,精装
216.0,25152,"['通州', '马驹桥']",2室1厅1厨1卫,中楼层 ,85.88,平层,精装
239.0,26854,"['通州', '马驹桥']",2室1厅1厨1卫,中楼层 ,89.0,平层,其他
417.0,38530,"['通州', '通州其它']",3室2厅1厨2卫,中楼层 ,108.23,平层,精装
355.0,55783,"['通州', '武夷花园']",2室1厅1厨1卫,底层 ,63.64,平层,精装
243.0,34464,"['通州', '通州其它']",2室1厅1厨1卫,低楼层 ,70.51,平层,精装
268.0,43957,"['通州', '临河里']",1室1厅1厨1卫,中楼层 ,60.97,平层,简装
258.0,37539,"['通州', '通州北苑']",2室1厅1厨1卫,低楼层 ,68.73,平层,简装
476.0,51521,"['通州', '武夷花园']",2室1厅1厨1卫,中楼层 ,92.39,平层,简装
515.0,60171,"['通州', '武夷花园']",2室2厅1厨1卫,底层 ,85.59,平层,精装
318.0,36577,"['通州', '果园']",2室1厅1厨1卫,高楼层 ,86.94,平层,精装
438.0,39837,"['通州', '果园']",2室2厅1厨2卫,中楼层 ,109.95,平层,精装
423.0,43776,"['通州', '果园']",2室2厅1厨1卫,高楼层 ,96.63,平层,精装
179.0,29710,"['通州', '通州北苑']",2室1厅1厨1卫,顶层 ,60.25,平层,简装
406.0,41629,"['通州', '果园']",2室1厅1厨1卫,中楼层 ,97.53,平层,简装
199.0,33328,"['通州', '果园']",2室1厅1厨1卫,顶层 ,59.71,平层,简装
332.0,37333,"['通州', '马驹桥']",3室2厅1厨1卫,高楼层 ,88.93,平层,简装
295.0,37051,"['通州', '万达']",2室1厅1厨1卫,底层 ,79.62,平层,简装
795.0,62280,"['通州', '通州其它']",3室2厅1厨2卫,低楼层 ,127.65,平层,精装
540.0,53218,"['通州', '临河里']",3室2厅1厨1卫,中楼层 ,101.47,平层,毛坯
439.0,50012,"['通州', '临河里']",2室1厅1厨1卫,高楼层 ,87.78,平层,精装
409.0,36662,"['通州', '临河里']",3室1厅1厨1卫,顶层 ,111.56,平层,精装
239.0,36770,"['通州', '九棵树(家乐福)']",1室1厅1厨1卫,中楼层 ,65.0,平层,精装
290.0,32873,"['通州', '九棵树(家乐福)']",2室1厅1厨1卫,顶层 ,88.22,平层,简装
231.0,42016,"['通州', '北关']",1室1厅1厨1卫,中楼层 ,54.98,平层,精装
290.0,32055,"['通州', '九棵树(家乐福)']",2室1厅1厨1卫,高楼层 ,90.47,平层,精装
359.0,37118,"['通州', '梨园']",2室1厅1厨1卫,中楼层 ,96.72,平层,简装
455.0,50399,"['通州', '临河里']",2室1厅1厨1卫,中楼层 ,90.28,平层,精装
415.0,44187,"['通州', '通州北苑']",2室2厅1厨1卫,中楼层 ,93.92,平层,简装
336.0,39830,"['通州', '乔庄']",2室1厅1厨1卫,中楼层 ,84.36,平层,简装
259.9,36304,"['通州', '潞苑']",2室1厅1厨1卫,中楼层 ,71.59,平层,精装
249.0,32234,"['通州', '通州其它']",3室2厅1厨1卫,中楼层 ,77.25,平层,精装
403.0,34805,"['通州', '马驹桥']",3室2厅1厨2卫,低楼层 ,115.79,平层,简装
239.0,26973,"['通州', '马驹桥']",2室1厅1厨1卫,中楼层 ,88.61,平层,简装
280.0,31363,"['通州', '乔庄']",2室1厅1厨1卫,高楼层 ,89.28,平层,简装
169.0,29960,"['通州', '北关']",2室1厅1厨1卫,中楼层 ,56.41,平层,其他
319.0,36066,"['通州', '梨园']",2室1厅1厨1卫,底层 ,88.45,平层,简装
338.0,37698,"['通州', '九棵树(家乐福)']",2室1厅1厨1卫,中楼层 ,89.66,平层,精装
379.0,44831,"['通州', '临河里']",2室1厅1厨1卫,中楼层 ,84.54,平层,简装
288.0,42014,"['通州', '九棵树(家乐福)']",2室1厅1厨1卫,中楼层 ,68.55,平层,简装
400.0,43021,"['通州', '临河里']",3室1厅1厨1卫,中楼层 ,92.98,平层,精装
247.0,30585,"['通州', '潞苑']",2室1厅1厨2卫,中楼层 ,80.76,平层,精装
430.0,41837,"['通州', '通州北苑']",2室2厅1厨1卫,低楼层 ,102.78,平层,简装
305.0,33736,"['通州', '果园']",2室1厅1厨1卫,中楼层 ,90.41,平层,简装
439.0,47625,"['通州', '临河里']",2室2厅1厨1卫,中楼层 ,92.18,平层,精装
265.0,39488,"['通州', '武夷花园']",2室1厅1厨1卫,底层 ,67.11,平层,简装
515.0,57408,"['通州', '武夷花园']",2室1厅1厨1卫,中楼层 ,89.71,平层,精装
330.0,34534,"['通州', '潞苑']",3室1厅1厨1卫,高楼层 ,95.56,平层,简装
379.0,52705,"['通州', '武夷花园']",2室1厅1厨1卫,中楼层 ,71.91,平层,简装
512.0,55556,"['通州', '武夷花园']",2室1厅1厨1卫,低楼层 ,92.16,平层,其他
207.0,36703,"['通州', '北关']",2室1厅1厨1卫,底层 ,56.4,平层,精装
226.0,30255,"['通州', '通州其它']",2室1厅1厨1卫,中楼层 ,74.7,平层,简装
298.0,40672,"['通州', '临河里']",2室1厅1厨1卫,中楼层 ,73.27,平层,精装
515.0,45868,"['通州', '玉桥']",3室1厅1厨2卫,高楼层 ,112.28,平层,简装
226.0,36259,"['通州', '马驹桥']",2室1厅1厨1卫,中楼层 ,62.33,平层,精装
435.0,50041,"['通州', '潞苑']",2室1厅1厨1卫,中楼层 ,86.93,平层,精装
275.0,36657,"['通州', '潞苑']",2室1厅1厨1卫,低楼层 ,75.02,平层,简装
345.0,53373,"['通州', '武夷花园']",1室1厅1厨1卫,低楼层 ,64.64,平层,精装
399.0,45694,"['通州', '武夷花园']",3室1厅1厨1卫,高楼层 ,87.32,平层,简装
549.0,46542,"['通州', '临河里']",3室1厅1厨1卫,高楼层 ,117.96,平层,精装
236.0,47409,"['通州', '万达']",2室1厅1厨1卫,中楼层 ,49.78,平层,精装
245.0,41358,"['通州', '果园']",1室1厅1厨1卫,中楼层 ,59.24,平层,精装
529.0,51445,"['通州', '梨园']",2室1厅1厨2卫,顶层 ,102.83,平层,简装
273.0,33420,"['通州', '通州其它']",2室1厅1厨1卫,顶层 ,81.69,错层,简装
318.0,31458,"['通州', '梨园']",3室1厅1厨1卫,高楼层 ,101.09,平层,简装
489.0,55049,"['通州', '武夷花园']",2室1厅1厨1卫,低楼层 ,88.83,平层,精装
559.0,45242,"['通州', '马驹桥']",4室2厅1厨2卫,中楼层 ,123.56,平层,精装
615.0,43192,"['通州', '马驹桥']",3室2厅1厨2卫,高楼层 ,142.39,平层,精装
270.0,35262,"['通州', '马驹桥']",2室1厅1厨1卫,低楼层 ,76.57,平层,简装
270.0,35267,"['通州', '通州其它']",2室1厅1厨1卫,高楼层 ,76.56,平层,简装
280.0,35606,"['通州', '马驹桥']",2室1厅1厨1卫,中楼层 ,78.64,平层,精装
198.0,34995,"['通州', '马驹桥']",1室1厅1厨1卫,中楼层 ,56.58,平层,其他
190.0,34124,"['通州', '潞苑']",1室1厅1厨1卫,低楼层 ,55.68,平层,简装
189.0,36152,"['通州', '万达']",2室1厅1厨1卫,中楼层 ,52.28,平层,简装
549.0,39164,"['通州', '万达']",3室2厅1厨2卫,高楼层 ,140.18,平层,精装
650.0,44831,"['通州', '武夷花园']",3室2厅1厨2卫,低楼层 ,144.99,平层,简装
666.0,46525,"['通州', '临河里']",3室2厅1厨2卫,低楼层 ,143.15,平层,精装
235.0,52585,"['通州', '临河里']",1室0厅1厨1卫,低楼层 ,44.69,平层,精装
219.0,49005,"['通州', '临河里']",1室0厅1厨1卫,底层 ,44.69,平层,精装
223.0,38199,"['通州', '武夷花园']",1室0厅1厨1卫,高楼层 ,58.38,平层,精装
175.0,26139,"['通州', '北关']",1室1厅1厨1卫,中楼层 ,66.95,平层,精装
202.0,38922,"['通州', '九棵树(家乐福)']",1室1厅1厨1卫,低楼层 ,51.9,平层,其他
248.0,40241,"['通州', '武夷花园']",1室1厅1厨1卫,中楼层 ,61.63,平层,简装
248.0,40537,"['通州', '梨园']",2室1厅1厨1卫,中楼层 ,61.18,平层,简装
290.0,35501,"['通州', '通州北苑']",2室1厅1厨1卫,底层 ,81.69,平层,精装
147.0,31757,"['通州', '潞苑']",1室1厅1厨1卫,高楼层 ,46.29,平层,简装
185.0,32321,"['通州', '潞苑']",1室0厅1厨1卫,低楼层 ,57.24,平层,精装
208.0,35489,"['通州', '马驹桥']",1室1厅1厨1卫,高楼层 ,58.61,平层,其他
158.0,37194,"['通州', '果园']",1室1厅1厨1卫,低楼层 ,42.48,平层,精装
194.0,35486,"['通州', '通州北苑']",1室0厅1厨1卫,中楼层 ,54.67,平层,简装
225.0,38410,"['通州', '武夷花园']",1室0厅1厨1卫,高楼层 ,58.58,平层,精装
178.0,42031,"['通州', '果园']",1室0厅1厨1卫,中楼层 ,42.35,平层,简装
263.0,40116,"['通州', '梨园']",1室1厅1厨1卫,中楼层 ,65.56,平层,精装
212.0,36252,"['通州', '梨园']",1室1厅1厨1卫,高楼层 ,58.48,平层,精装
345.0,50669,"['通州', '武夷花园']",1室1厅1厨1卫,低楼层 ,68.09,平层,精装
228.0,39129,"['通州', '武夷花园']",1室1厅1厨1卫,中楼层 ,58.27,平层,精装
197.0,43498,"['通州', '九棵树(家乐福)']",1室0厅1厨1卫,低楼层 ,45.29,平层,简装
186.0,27866,"['通州', '马驹桥']",1室1厅1厨1卫,顶层 ,66.75,平层,简装
259.0,42128,"['通州', '梨园']",1室1厅1厨1卫,中楼层 ,61.48,平层,精装
158.0,30269,"['通州', '通州其它']",1室1厅1厨1卫,中楼层 ,52.2,平层,简装
319.0,30007,"['通州', '武夷花园']",2室1厅1厨1卫,低楼层 ,106.31,平层,简装
335.0,42616,"['通州', '潞苑']",2室1厅1厨1卫,中楼层 ,78.61,平层,简装
259.0,34428,"['通州', '临河里']",2室1厅1厨1卫,高楼层 ,75.23,平层,精装
275.0,40164,"['通州', '通州北苑']",2室1厅1厨1卫,低楼层 ,68.47,平层,精装
302.0,43535,"['通州', '通州北苑']",2室1厅1厨1卫,低楼层 ,69.37,平层,精装
405.0,45046,"['通州', '武夷花园']",2室1厅1厨1卫,底层 ,89.91,平层,精装
428.0,44963,"['通州', '潞苑']",3室2厅1厨1卫,中楼层 ,95.19,平层,精装
330.0,42708,"['通州', '梨园']",2室1厅1厨1卫,底层 ,77.27,平层,精装
260.0,35554,"['通州', '通州其它']",2室1厅1厨1卫,中楼层 ,73.13,平层,精装
235.0,40595,"['通州', '玉桥']",1室2厅1厨1卫,高楼层 ,57.89,平层,简装
270.0,35244,"['通州', '潞苑']",2室1厅1厨1卫,中楼层 ,76.61,平层,精装
249.0,35285,"['通州', '潞苑']",2室1厅1厨1卫,中楼层 ,70.57,平层,其他
325.0,44339,"['通州', '临河里']",2室1厅1厨1卫,低楼层 ,73.3,平层,简装
545.0,43562,"['通州', '梨园']",3室1厅1厨2卫,中楼层 ,125.11,平层,其他
282.0,33668,"['通州', '临河里']",2室1厅1厨1卫,低楼层 ,83.76,平层,精装
295.0,42910,"['通州', '武夷花园']",1室1厅1厨1卫,低楼层 ,68.75,平层,简装
365.0,36449,"['通州', '马驹桥']",2室2厅1厨1卫,中楼层 ,100.14,平层,简装
420.0,37073,"['通州', '临河里']",3室1厅1厨2卫,低楼层 ,113.29,平层,简装
342.0,58663,"['通州', '通州北苑']",2室2厅1厨2卫,中楼层 ,58.3,复式,精装
229.0,26666,"['通州', '马驹桥']",2室1厅1厨1卫,低楼层 ,85.88,平层,简装
319.0,34792,"['通州', '九棵树(家乐福)']",2室1厅1厨1卫,低楼层 ,91.69,平层,简装
499.0,38498,"['通州', '梨园']",3室1厅1厨2卫,高楼层 ,129.62,平层,简装
299.0,42880,"['通州', '乔庄']",3室1厅1厨1卫,底层 ,69.73,平层,精装
580.0,63983,"['通州', '九棵树(家乐福)']",2室1厅1厨1卫,低楼层 ,90.65,平层,精装
346.0,34830,"['通州', '乔庄']",3室2厅1厨1卫,高楼层 ,99.34,平层,简装
315.0,48762,"['通州', '万达']",3室1厅1厨1卫,底层 ,64.6,平层,精装
395.0,42319,"['通州', '万达']",2室1厅1厨1卫,高楼层 ,93.34,平层,精装
252.0,29616,"['通州', '马驹桥']",2室1厅1厨1卫,高楼层 ,85.09,平层,精装
318.0,41401,"['通州', '潞苑']",2室2厅1厨1卫,高楼层 ,76.81,平层,简装
369.0,35923,"['通州', '通州其它']",3室1厅1厨1卫,中楼层 ,102.72,平层,其他
439.0,44362,"['通州', '通州北苑']",2室2厅1厨1卫,高楼层 ,98.96,平层,精装
398.0,39270,"['通州', '北关']",2室1厅1厨1卫,低楼层 ,101.35,平层,精装
564.0,39986,"['通州', '果园']",3室2厅1厨2卫,中楼层 ,141.05,平层,精装
393.0,41711,"['通州', '乔庄']",2室1厅1厨1卫,中楼层 ,94.22,平层,简装
439.0,47822,"['通州', '临河里']",3室1厅1厨1卫,高楼层 ,91.8,平层,其他
325.0,33009,"['通州', '通州北苑']",3室1厅1厨1卫,中楼层 ,98.46,平层,简装
260.0,34010,"['通州', '潞苑']",2室1厅1厨1卫,中楼层 ,76.45,平层,简装
547.0,59795,"['通州', '九棵树(家乐福)']",2室1厅1厨1卫,中楼层 ,91.48,平层,精装
479.0,50801,"['通州', '临河里']",3室1厅1厨1卫,低楼层 ,94.29,平层,精装
305.0,40441,"['通州', '北关']",2室1厅1厨1卫,高楼层 ,75.42,平层,精装
485.0,52078,"['通州', '临河里']",3室1厅1厨1卫,高楼层 ,93.13,平层,精装
398.0,42409,"['通州', '梨园']",2室1厅1厨1卫,高楼层 ,93.85,平层,精装
308.0,40236,"['通州', '潞苑']",2室1厅1厨1卫,低楼层 ,76.55,平层,简装
210.0,40107,"['通州', '通州其它']",1室1厅1厨1卫,高楼层 ,52.36,复式,简装
293.0,33490,"['通州', '九棵树(家乐福)']",2室1厅1厨1卫,高楼层 ,87.49,平层,精装
305.0,30237,"['通州', '马驹桥']",2室1厅1厨1卫,中楼层 ,100.87,平层,简装
280.0,33330,"['通州', '北关']",2室1厅1厨1卫,中楼层 ,84.01,平层,简装
285.0,48330,"['通州', '武夷花园']",1室1厅1厨1卫,中楼层 ,58.97,平层,精装
365.0,40746,"['通州', '九棵树(家乐福)']",2室1厅1厨1卫,中楼层 ,89.58,平层,精装
149.0,26414,"['通州', '通州其它']",1室1厅1厨1卫,低楼层 ,56.41,平层,精装
330.0,32427,"['通州', '果园']",2室1厅1厨1卫,中楼层 ,101.77,平层,精装
419.0,34205,"['通州', '梨园']",3室1厅1厨2卫,中楼层 ,122.5,平层,简装
343.0,32072,"['通州', '北关']",3室1厅1厨1卫,低楼层 ,106.95,平层,其他
430.0,42880,"['通州', '九棵树(家乐福)']",3室1厅1厨1卫,中楼层 ,100.28,平层,精装
379.0,34004,"['通州', '通州其它']",3室1厅1厨1卫,高楼层 ,111.46,平层,精装
382.0,43067,"['通州', '乔庄']",2室1厅1厨1卫,低楼层 ,88.7,平层,精装
248.0,27395,"['通州', '马驹桥']",2室1厅1厨1卫,低楼层 ,90.53,平层,简装
306.0,36433,"['通州', '潞苑']",2室1厅1厨1卫,高楼层 ,83.99,平层,精装
305.0,34007,"['通州', '临河里']",2室1厅1厨1卫,高楼层 ,89.69,平层,精装
368.0,43899,"['通州', '临河里']",2室1厅1厨2卫,中楼层 ,83.83,复式,精装
420.0,48310,"['通州', '果园']",2室1厅1厨1卫,高楼层 ,86.94,平层,精装
348.0,37557,"['通州', '通州其它']",2室1厅1厨1卫,低楼层 ,92.66,平层,精装
463.0,52429,"['通州', '通州其它']",3室1厅1厨1卫,中楼层 ,88.31,平层,其他
306.0,34464,"['通州', '通州其它']",3室2厅1厨1卫,底层 ,88.79,平层,精装
295.0,46486,"['通州', '临河里']",1室1厅1厨1卫,低楼层 ,63.46,平层,精装
439.0,36569,"['通州', '通州其它']",3室2厅1厨2卫,高楼层 ,120.05,平层,精装
290.0,45576,"['通州', '万达']",2室1厅1厨1卫,高楼层 ,63.63,平层,简装
256.0,37129,"['通州', '万达']",2室2厅1厨1卫,顶层 ,68.95,平层,精装
385.0,42105,"['通州', '临河里']",3室1厅1厨1卫,高楼层 ,91.44,平层,精装
247.0,33948,"['通州', '通州北苑']",2室1厅1厨1卫,中楼层 ,72.76,平层,简装
218.0,26697,"['通州', '通州其它']",2室1厅1厨1卫,高楼层 ,81.66,平层,精装
505.0,52463,"['通州', '通州北苑']",2室1厅1厨1卫,高楼层 ,96.26,平层,精装
231.0,31515,"['通州', '通州其它']",2室1厅1厨1卫,高楼层 ,73.3,平层,精装
245.0,36152,"['通州', '梨园']",1室1厅1厨1卫,顶层 ,67.77,平层,精装
435.0,35161,"['通州', '万达']",3室2厅1厨2卫,顶层 ,123.72,平层,精装
425.0,47323,"['通州', '九棵树(家乐福)']",2室1厅1厨1卫,底层 ,89.81,平层,精装
449.0,55951,"['通州', '武夷花园']",2室1厅1厨1卫,中楼层 ,80.25,平层,精装
275.0,30029,"['通州', '万达']",3室1厅1厨1卫,低楼层 ,91.58,平层,简装
569.0,44215,"['通州', '果园']",3室2厅1厨2卫,顶层 ,128.69,平层,精装
279.0,31594,"['通州', '潞苑']",2室2厅1厨1卫,低楼层 ,88.31,平层,简装
267.0,36696,"['通州', '梨园']",2室1厅1厨1卫,顶层 ,72.76,平层,精装
268.0,35001,"['通州', '马驹桥']",2室1厅1厨1卫,低楼层 ,76.57,平层,精装
319.0,45390,"['通州', '梨园']",2室1厅1厨1卫,中楼层 ,70.28,平层,精装
307.0,33811,"['通州', '九棵树(家乐福)']",2室1厅1厨1卫,中楼层 ,90.8,平层,简装
496.0,53937,"['通州', '武夷花园']",2室1厅1厨1卫,低楼层 ,91.96,平层,简装
455.0,32447,"['通州', '通州北苑']",3室2厅1厨2卫,中楼层 ,140.23,平层,精装
200.0,29923,"['通州', '马驹桥']",1室1厅1厨1卫,高楼层 ,66.84,平层,简装
262.0,35454,"['通州', '临河里']",2室1厅1厨1卫,低楼层 ,73.9,平层,精装
210.0,23832,"['通州', '通州其它']",3室2厅1厨1卫,中楼层 ,88.12,平层,精装
279.0,39441,"['通州', '临河里']",2室1厅1厨1卫,低楼层 ,70.74,平层,精装
459.0,51672,"['通州', '临河里']",3室2厅1厨1卫,低楼层 ,88.83,平层,精装
340.0,36462,"['通州', '九棵树(家乐福)']",2室1厅1厨1卫,底层 ,93.25,平层,精装
316.0,37530,"['通州', '临河里']",2室1厅1厨1卫,中楼层 ,84.2,平层,简装
435.0,49669,"['通州', '武夷花园']",2室1厅1厨1卫,底层 ,87.58,平层,简装
315.0,34803,"['通州', '果园']",2室1厅1厨1卫,中楼层 ,90.51,平层,简装
345.0,38084,"['通州', '马驹桥']",2室2厅1厨1卫,高楼层 ,90.59,平层,精装
286.0,41875,"['通州', '玉桥']",2室1厅1厨1卫,中楼层 ,68.3,平层,精装
530.0,47826,"['通州', '玉桥']",3室2厅1厨2卫,中楼层 ,110.82,平层,简装
330.0,36782,"['通州', '通州其它']",2室1厅1厨1卫,低楼层 ,89.72,平层,精装
238.0,22700,"['通州', '潞苑']",3室2厅1厨2卫,顶层 ,104.85,平层,简装
310.0,33810,"['通州', '通州其它']",2室1厅1厨1卫,高楼层 ,91.69,平层,精装
386.0,42385,"['通州', '临河里']",2室1厅1厨1卫,中楼层 ,91.07,平层,精装
381.0,42002,"['通州', '临河里']",2室1厅1厨1卫,高楼层 ,90.71,平层,精装
445.0,45754,"['通州', '通州北苑']",2室2厅1厨1卫,低楼层 ,97.26,平层,精装
385.0,37797,"['通州', '九棵树(家乐福)']",2室1厅1厨2卫,低楼层 ,101.86,平层,简装
390.0,38691,"['通州', '通州北苑']",2室2厅1厨2卫,中楼层 ,100.8,平层,精装
119.0,26375,"['通州', '北关']",1室0厅1厨1卫,低楼层 ,45.12,平层,简装
175.0,33327,"['通州', '马驹桥']",1室1厅1厨1卫,中楼层 ,52.51,平层,其他
188.0,35365,"['通州', '通州其它']",1室1厅1厨1卫,低楼层 ,53.16,平层,精装
298.0,23948,"['通州', '梨园']",4室1厅1厨2卫,顶层 ,124.44,复式,简装
650.0,52340,"['通州', '武夷花园']",3室2厅1厨2卫,底层 ,124.19,错层,精装
179.0,39315,"['通州', '果园']",1室1厅0厨1卫,顶层 ,45.53,平层,简装
247.0,44385,"['通州', '通州其它']",1室0厅1厨1卫,低楼层 ,55.65,平层,精装
590.0,46729,"['通州', '果园']",3室2厅1厨2卫,低楼层 ,126.26,错层,精装
243.0,41760,"['通州', '梨园']",1室1厅1厨1卫,低楼层 ,58.19,平层,简装
228.0,40861,"['通州', '临河里']",1室1厅1厨1卫,中楼层 ,55.8,平层,精装
215.0,38957,"['通州', '临河里']",1室0厅1厨1卫,中楼层 ,55.19,平层,简装
440.0,61487,"['通州', '武夷花园']",2室1厅1厨1卫,中楼层 ,71.56,平层,精装
262.0,38954,"['通州', '临河里']",1室1厅1厨1卫,中楼层 ,67.26,平层,精装
228.0,36111,"['通州', '通州其它']",1室1厅1厨1卫,底层 ,63.14,平层,精装
179.0,29111,"['通州', '乔庄']",1室1厅1厨1卫,顶层 ,61.49,平层,简装
148.0,28063,"['通州', '通州其它']",1室0厅1厨1卫,底层 ,52.74,平层,简装
475.0,53528,"['通州', '武夷花园']",2室1厅1厨1卫,中楼层 ,88.74,平层,精装
207.0,45355,"['通州', '临河里']",1室0厅1厨1卫,高楼层 ,45.64,平层,精装
222.0,32301,"['通州', '九棵树(家乐福)']",1室1厅1厨1卫,中楼层 ,68.73,平层,精装
298.0,33830,"['通州', '果园']",2室1厅1厨1卫,顶层 ,88.09,平层,精装
275.0,46634,"['通州', '武夷花园']",1室1厅1厨1卫,高楼层 ,58.97,平层,简装
277.0,45786,"['通州', '临河里']",1室1厅1厨1卫,高楼层 ,60.5,平层,精装
186.0,32320,"['通州', '临河里']",1室1厅1厨1卫,底层 ,57.55,平层,简装
280.0,47482,"['通州', '武夷花园']",1室1厅1厨1卫,高楼层 ,58.97,平层,简装
240.0,33756,"['通州', '玉桥']",2室1厅1厨1卫,顶层 ,71.1,平层,精装
280.0,37539,"['通州', '武夷花园']",2室1厅1厨1卫,低楼层 ,74.59,平层,精装
169.0,33281,"['通州', '通州北苑']",1室0厅1厨1卫,高楼层 ,50.78,平层,精装
380.0,48041,"['通州', '九棵树(家乐福)']",2室1厅1厨1卫,底层 ,79.1,平层,精装
329.0,36905,"['通州', '九棵树(家乐福)']",2室1厅1厨1卫,低楼层 ,89.15,平层,精装
235.0,26714,"['通州', '潞苑']",2室2厅1厨1卫,高楼层 ,87.97,平层,简装
410.0,40363,"['通州', '万达']",2室1厅1厨1卫,中楼层 ,101.58,平层,简装
455.0,63055,"['通州', '武夷花园']",2室1厅1厨1卫,高楼层 ,72.16,平层,精装
420.0,44012,"['通州', '马驹桥']",3室2厅1厨1卫,低楼层 ,95.43,平层,精装
410.0,38027,"['通州', '通州其它']",3室1厅1厨1卫,中楼层 ,107.82,平层,精装
279.0,34823,"['通州', '果园']",3室1厅1厨1卫,高楼层 ,80.12,平层,简装
335.0,38077,"['通州', '潞苑']",3室1厅1厨1卫,中楼层 ,87.98,平层,精装
195.0,37857,"['通州', '梨园']",1室1厅1厨1卫,中楼层 ,51.51,平层,简装
159.0,47734,"['通州', '临河里']",1室0厅1厨1卫,高楼层 ,33.31,平层,简装
185.0,33334,"['通州', '临河里']",1室1厅1厨1卫,中楼层 ,55.5,平层,其他
505.0,54749,"['通州', '九棵树(家乐福)']",2室1厅1厨1卫,中楼层 ,92.24,平层,简装
210.0,31949,"['通州', '通州北苑']",2室1厅1厨1卫,顶层 ,65.73,平层,精装
339.0,41236,"['通州', '通州北苑']",2室1厅1厨1卫,低楼层 ,82.21,平层,简装
320.0,35671,"['通州', '通州其它']",2室2厅1厨1卫,低楼层 ,89.71,平层,简装
465.0,51713,"['通州', '临河里']",2室1厅1厨1卫,中楼层 ,89.92,平层,精装
242.0,47101,"['通州', '临河里']",1室0厅1厨1卫,中楼层 ,51.38,平层,精装
280.0,40364,"['通州', '通州北苑']",2室1厅1厨1卫,中楼层 ,69.37,平层,简装
315.0,33500,"['通州', '通州其它']",3室2厅1厨1卫,中楼层 ,94.03,平层,精装
242.0,41396,"['通州', '临河里']",1室1厅1厨1卫,中楼层 ,58.46,平层,精装
278.0,43554,"['通州', '临河里']",1室1厅1厨1卫,低楼层 ,63.83,平层,精装
570.0,40837,"['通州', '通州北苑']",3室2厅1厨2卫,中楼层 ,139.58,平层,精装
239.0,39027,"['通州', '九棵树(家乐福)']",1室1厅1厨1卫,中楼层 ,61.24,平层,精装
529.0,57783,"['通州', '九棵树(家乐福)']",2室1厅1厨1卫,低楼层 ,91.55,平层,精装
575.0,43637,"['通州', '果园']",3室1厅1厨2卫,低楼层 ,131.77,平层,简装
446.0,61773,"['通州', '武夷花园']",2室1厅1厨1卫,中楼层 ,72.2,平层,简装
368.0,32171,"['通州', '北关']",2室1厅1厨1卫,中楼层 ,114.39,平层,精装
275.0,31458,"['通州', '通州北苑']",2室2厅1厨1卫,中楼层 ,87.42,平层,简装
363.0,40209,"['通州', '潞苑']",3室1厅1厨1卫,高楼层 ,90.28,平层,简装
529.0,48720,"['通州', '武夷花园']",2室1厅1厨1卫,顶层 ,108.58,平层,精装
235.0,41113,"['通州', '九棵树(家乐福)']",1室1厅1厨1卫,高楼层 ,57.16,平层,精装
440.0,44463,"['通州', '临河里']",2室1厅1厨1卫,高楼层 ,98.96,平层,精装
348.0,38365,"['通州', '潞苑']",3室1厅1厨1卫,顶层 ,90.71,平层,精装
199.0,38189,"['通州', '九棵树(家乐福)']",1室1厅1厨1卫,高楼层 ,52.11,平层,简装
279.0,38510,"['通州', '通州北苑']",1室1厅1厨1卫,低楼层 ,72.45,平层,简装
675.0,54830,"['通州', '武夷花园']",3室1厅1厨2卫,中楼层 ,123.11,平层,精装
425.0,37512,"['通州', '临河里']",3室1厅1厨2卫,顶层 ,113.3,平层,简装
458.0,41682,"['通州', '武夷花园']",2室1厅1厨2卫,中楼层 ,109.88,跃层,简装
385.0,55476,"['通州', '武夷花园']",2室1厅1厨1卫,中楼层 ,69.4,平层,精装
326.0,37198,"['通州', '通州北苑']",2室1厅1厨1卫,低楼层 ,87.64,平层,简装
320.0,35600,"['通州', '九棵树(家乐福)']",2室1厅1厨1卫,低楼层 ,89.89,平层,简装
378.0,54000,"['通州', '梨园']",2室1厅1厨1卫,中楼层 ,70.0,平层,精装
253.0,32254,"['通州', '通州其它']",3室1厅1厨1卫,中楼层 ,78.44,平层,精装
308.0,34147,"['通州', '九棵树(家乐福)']",2室1厅1厨1卫,高楼层 ,90.2,平层,简装
518.0,59878,"['通州', '武夷花园']",2室2厅1厨1卫,高楼层 ,86.51,平层,精装
224.0,38436,"['通州', '武夷花园']",1室0厅1厨1卫,高楼层 ,58.28,平层,精装
439.0,49768,"['通州', '武夷花园']",2室2厅1厨1卫,高楼层 ,88.21,平层,简装
469.0,65540,"['通州', '武夷花园']",2室1厅1厨1卫,高楼层 ,71.56,平层,其他
469.0,57646,"['通州', '武夷花园']",2室1厅1厨1卫,高楼层 ,81.36,平层,精装
